"","strain","pHMM","hit_score"
"1","Acidaminococcus-intestini-D21-MAF-2","methylmalonyl-CoA-carboxyltransferase1-3S-KOK17490",93.5
"2","Acidaminococcus-intestini-D21-MAF-2","methylmalonyl-CoA-carboxyltransferase12S-KOK17489",635.5
"3","Acidaminococcus-intestini-D21-MAF-2","methylmalonyl-CoA-carboxyltransferase5S-KOK03416",535.5
"4","Acidaminococcus-intestini-D21-MAF-2","methylmalonyl-CoA-decarboxylaseAlpha-KOK01604",844.6
"5","Acidaminococcus-intestini-D21-MAF-2","methylmalonyl-CoA-decarboxylaseBeta-KOK20509",558.7
"6","Acidaminococcus-intestini-D21-MAF-2","methylmalonyl-CoA-decarboxylaseDelta-KOK23352",76.1
"7","Acidaminococcus-intestini-D21-MAF-2","methylmalonyl-CoA-decarboxylaseGamma-KOK23351",157.3
"8","Acidipropionibacterium_acidipropionici_F3E8","methylmalonyl-CoA-carboxyltransferase1-3S-KOK17490",171.9
"9","Acidipropionibacterium_acidipropionici_F3E8","methylmalonyl-CoA-carboxyltransferase12S-KOK17489",906.7
"10","Acidipropionibacterium_acidipropionici_F3E8","methylmalonyl-CoA-carboxyltransferase5S-KOK03416",1023.7
"11","Acidipropionibacterium_acidipropionici_F3E8","methylmalonyl-CoA-decarboxylaseAlpha-KOK01604",787.8
"12","Acidipropionibacterium_acidipropionici_F3E8","methylmalonyl-CoA-decarboxylaseBeta-KOK20509",527.3
"13","Acidipropionibacterium_acidipropionici_F3E8","methylmalonyl-CoA-decarboxylaseGamma-KOK23351",124.4
"14","Acidipropionibacterium_acidipropionici_F3E8","methylmalonyl-CoA-epimerase-EC5-1-99-1",182
"15","Acidipropionibacterium_acidipropionici_F3E8","methylmalonyl-CoA-mutase-EC5-4-99-2",768.3
"16","Acidipropionibacterium_acidipropionici_FAM_19036","methylmalonyl-CoA-carboxyltransferase1-3S-KOK17490",171.9
"17","Acidipropionibacterium_acidipropionici_FAM_19036","methylmalonyl-CoA-carboxyltransferase12S-KOK17489",906.7
"18","Acidipropionibacterium_acidipropionici_FAM_19036","methylmalonyl-CoA-carboxyltransferase5S-KOK03416",1023.7
"19","Acidipropionibacterium_acidipropionici_FAM_19036","methylmalonyl-CoA-decarboxylaseAlpha-KOK01604",787.8
"20","Acidipropionibacterium_acidipropionici_FAM_19036","methylmalonyl-CoA-decarboxylaseBeta-KOK20509",526.1
"21","Acidipropionibacterium_acidipropionici_FAM_19036","methylmalonyl-CoA-decarboxylaseGamma-KOK23351",129.6
"22","Acidipropionibacterium_acidipropionici_FAM_19036","methylmalonyl-CoA-epimerase-EC5-1-99-1",182
"23","Acidipropionibacterium_acidipropionici_FAM_19036","methylmalonyl-CoA-mutase-EC5-4-99-2",769.1
"24","Acidipropionibacterium_acidipropionici_WSH1105","methylmalonyl-CoA-carboxyltransferase1-3S-KOK17490",171.9
"25","Acidipropionibacterium_acidipropionici_WSH1105","methylmalonyl-CoA-carboxyltransferase12S-KOK17489",906.7
"26","Acidipropionibacterium_acidipropionici_WSH1105","methylmalonyl-CoA-carboxyltransferase5S-KOK03416",1023.7
"27","Acidipropionibacterium_acidipropionici_WSH1105","methylmalonyl-CoA-decarboxylaseAlpha-KOK01604",787.8
"28","Acidipropionibacterium_acidipropionici_WSH1105","methylmalonyl-CoA-decarboxylaseBeta-KOK20509",527.9
"29","Acidipropionibacterium_acidipropionici_WSH1105","methylmalonyl-CoA-decarboxylaseGamma-KOK23351",130
"30","Acidipropionibacterium_acidipropionici_WSH1105","methylmalonyl-CoA-epimerase-EC5-1-99-1",182
"31","Acidipropionibacterium_acidipropionici_WSH1105","methylmalonyl-CoA-mutase-EC5-4-99-2",769.1
"32","Acidipropionibacterium_acidipropionici_strain_WGS7","methylmalonyl-CoA-carboxyltransferase1-3S-KOK17490",171.9
"33","Acidipropionibacterium_acidipropionici_strain_WGS7","methylmalonyl-CoA-carboxyltransferase12S-KOK17489",906.7
"34","Acidipropionibacterium_acidipropionici_strain_WGS7","methylmalonyl-CoA-carboxyltransferase5S-KOK03416",1023.7
"35","Acidipropionibacterium_acidipropionici_strain_WGS7","methylmalonyl-CoA-decarboxylaseAlpha-KOK01604",787.8
"36","Acidipropionibacterium_acidipropionici_strain_WGS7","methylmalonyl-CoA-decarboxylaseBeta-KOK20509",527.3
"37","Acidipropionibacterium_acidipropionici_strain_WGS7","methylmalonyl-CoA-decarboxylaseGamma-KOK23351",124.4
"38","Acidipropionibacterium_acidipropionici_strain_WGS7","methylmalonyl-CoA-epimerase-EC5-1-99-1",182
"39","Acidipropionibacterium_acidipropionici_strain_WGS7","methylmalonyl-CoA-mutase-EC5-4-99-2",768.3
"40","Akkermansia_muciniphila","methylmalonyl-CoA-carboxyltransferase1-3S-KOK17490",98.4
"41","Akkermansia_muciniphila","methylmalonyl-CoA-carboxyltransferase12S-KOK17489",650.6
"42","Akkermansia_muciniphila","methylmalonyl-CoA-decarboxylaseAlpha-KOK01604",744.9
"43","Akkermansia_muciniphila","methylmalonyl-CoA-decarboxylaseBeta-KOK20509",524.7
"44","Akkermansia_muciniphila","methylmalonyl-CoA-decarboxylaseGamma-KOK23351",118.2
"45","Akkermansia_muciniphila","methylmalonyl-CoA-epimerase-EC5-1-99-1",198.4
"46","Akkermansia_muciniphila","methylmalonyl-CoA-mutase-EC5-4-99-2",780.2
"47","Alistipes-ihumii-AP11-MAF-2","methylmalonyl-CoA-carboxyltransferase1-3S-KOK17490",86.9
"48","Alistipes-ihumii-AP11-MAF-2","methylmalonyl-CoA-carboxyltransferase12S-KOK17489",656.8
"49","Alistipes-ihumii-AP11-MAF-2","methylmalonyl-CoA-decarboxylaseAlpha-KOK01604",904.6
"50","Alistipes-ihumii-AP11-MAF-2","methylmalonyl-CoA-decarboxylaseGamma-KOK23351",166
"51","Alistipes-ihumii-AP11-MAF-2","methylmalonyl-CoA-epimerase-EC5-1-99-1",232.7
"52","Alistipes-ihumii-AP11-MAF-2","methylmalonyl-CoA-mutase-EC5-4-99-2",827.6
"53","Alistipes-indistinctus-YIT-12060-MAF-2","methylmalonyl-CoA-carboxyltransferase1-3S-KOK17490",97.7
"54","Alistipes-indistinctus-YIT-12060-MAF-2","methylmalonyl-CoA-carboxyltransferase12S-KOK17489",656
"55","Alistipes-indistinctus-YIT-12060-MAF-2","methylmalonyl-CoA-decarboxylaseAlpha-KOK01604",926.3
"56","Alistipes-indistinctus-YIT-12060-MAF-2","methylmalonyl-CoA-decarboxylaseBeta-KOK20509",588.8
"57","Alistipes-indistinctus-YIT-12060-MAF-2","methylmalonyl-CoA-decarboxylaseDelta-KOK23352",100.9
"58","Alistipes-indistinctus-YIT-12060-MAF-2","methylmalonyl-CoA-decarboxylaseGamma-KOK23351",185.6
"59","Alistipes-indistinctus-YIT-12060-MAF-2","methylmalonyl-CoA-epimerase-EC5-1-99-1",230
"60","Alistipes-indistinctus-YIT-12060-MAF-2","methylmalonyl-CoA-mutase-EC5-4-99-2",824.6
"61","Alistipes-onderdonkii-DSM-19147-MAF-2","methylmalonyl-CoA-carboxyltransferase1-3S-KOK17490",93.3
"62","Alistipes-onderdonkii-DSM-19147-MAF-2","methylmalonyl-CoA-carboxyltransferase12S-KOK17489",642.7
"63","Alistipes-onderdonkii-DSM-19147-MAF-2","methylmalonyl-CoA-decarboxylaseAlpha-KOK01604",917.1
"64","Alistipes-onderdonkii-DSM-19147-MAF-2","methylmalonyl-CoA-decarboxylaseBeta-KOK20509",579.8
"65","Alistipes-onderdonkii-DSM-19147-MAF-2","methylmalonyl-CoA-decarboxylaseDelta-KOK23352",99.2
"66","Alistipes-onderdonkii-DSM-19147-MAF-2","methylmalonyl-CoA-decarboxylaseGamma-KOK23351",166.4
"67","Alistipes-onderdonkii-DSM-19147-MAF-2","methylmalonyl-CoA-epimerase-EC5-1-99-1",239.1
"68","Alistipes-onderdonkii-DSM-19147-MAF-2","methylmalonyl-CoA-mutase-EC5-4-99-2",823.9
"69","Alistipes-putredinis-DSM-17216-MAF-2","methylmalonyl-CoA-carboxyltransferase1-3S-KOK17490",88.3
"70","Alistipes-putredinis-DSM-17216-MAF-2","methylmalonyl-CoA-carboxyltransferase12S-KOK17489",641.9
"71","Alistipes-putredinis-DSM-17216-MAF-2","methylmalonyl-CoA-decarboxylaseAlpha-KOK01604",920.6
"72","Alistipes-putredinis-DSM-17216-MAF-2","methylmalonyl-CoA-decarboxylaseBeta-KOK20509",589
"73","Alistipes-putredinis-DSM-17216-MAF-2","methylmalonyl-CoA-decarboxylaseDelta-KOK23352",82.8
"74","Alistipes-putredinis-DSM-17216-MAF-2","methylmalonyl-CoA-decarboxylaseGamma-KOK23351",167.2
"75","Alistipes-putredinis-DSM-17216-MAF-2","methylmalonyl-CoA-epimerase-EC5-1-99-1",238.2
"76","Alistipes-putredinis-DSM-17216-MAF-2","methylmalonyl-CoA-mutase-EC5-4-99-2",813.2
"77","Alistipes-senegalensis-JC50-MAF-2","methylmalonyl-CoA-carboxyltransferase1-3S-KOK17490",90
"78","Alistipes-senegalensis-JC50-MAF-2","methylmalonyl-CoA-carboxyltransferase12S-KOK17489",642.3
"79","Alistipes-senegalensis-JC50-MAF-2","methylmalonyl-CoA-decarboxylaseAlpha-KOK01604",914.2
"80","Alistipes-senegalensis-JC50-MAF-2","methylmalonyl-CoA-decarboxylaseBeta-KOK20509",590.3
"81","Alistipes-senegalensis-JC50-MAF-2","methylmalonyl-CoA-decarboxylaseDelta-KOK23352",83.4
"82","Alistipes-senegalensis-JC50-MAF-2","methylmalonyl-CoA-decarboxylaseGamma-KOK23351",163.6
"83","Alistipes-senegalensis-JC50-MAF-2","methylmalonyl-CoA-epimerase-EC5-1-99-1",240.6
"84","Alistipes-senegalensis-JC50-MAF-2","methylmalonyl-CoA-mutase-EC5-4-99-2",824.6
"85","Alistipes-shahii-WAL-8301-MAF-2","methylmalonyl-CoA-carboxyltransferase1-3S-KOK17490",93
"86","Alistipes-shahii-WAL-8301-MAF-2","methylmalonyl-CoA-carboxyltransferase12S-KOK17489",640.1
"87","Alistipes-shahii-WAL-8301-MAF-2","methylmalonyl-CoA-decarboxylaseAlpha-KOK01604",914.6
"88","Alistipes-shahii-WAL-8301-MAF-2","methylmalonyl-CoA-decarboxylaseBeta-KOK20509",589.8
"89","Alistipes-shahii-WAL-8301-MAF-2","methylmalonyl-CoA-decarboxylaseDelta-KOK23352",86.5
"90","Alistipes-shahii-WAL-8301-MAF-2","methylmalonyl-CoA-decarboxylaseGamma-KOK23351",170.6
"91","Alistipes-shahii-WAL-8301-MAF-2","methylmalonyl-CoA-epimerase-EC5-1-99-1",239.8
"92","Alistipes-shahii-WAL-8301-MAF-2","methylmalonyl-CoA-mutase-EC5-4-99-2",817.5
"93","Anaerobutyricum_hallii","methylmalonyl-CoA-carboxyltransferase1-3S-KOK17490",93.1
"94","Anaerobutyricum_hallii","methylmalonyl-CoA-carboxyltransferase5S-KOK03416",549.1
"95","Anaerobutyricum_hallii","methylmalonyl-CoA-decarboxylaseAlpha-KOK01604",501
"96","Anaerobutyricum_hallii","methylmalonyl-CoA-decarboxylaseBeta-KOK20509",549.5
"97","Anaerobutyricum_hallii","methylmalonyl-CoA-decarboxylaseDelta-KOK23352",68.8
"98","Anaerobutyricum_hallii","methylmalonyl-CoA-decarboxylaseGamma-KOK23351",129.8
"99","Anaerotruncus-colihominis-DSM-17241-MAF-2","methylmalonyl-CoA-carboxyltransferase1-3S-KOK17490",94.8
"100","Anaerotruncus-colihominis-DSM-17241-MAF-2","methylmalonyl-CoA-carboxyltransferase12S-KOK17489",629.4
"101","Anaerotruncus-colihominis-DSM-17241-MAF-2","methylmalonyl-CoA-carboxyltransferase5S-KOK03416",599.7
"102","Anaerotruncus-colihominis-DSM-17241-MAF-2","methylmalonyl-CoA-decarboxylaseAlpha-KOK01604",818.5
"103","Anaerotruncus-colihominis-DSM-17241-MAF-2","methylmalonyl-CoA-decarboxylaseBeta-KOK20509",582.7
"104","Anaerotruncus-colihominis-DSM-17241-MAF-2","methylmalonyl-CoA-decarboxylaseDelta-KOK23352",68.2
"105","Anaerotruncus-colihominis-DSM-17241-MAF-2","methylmalonyl-CoA-decarboxylaseGamma-KOK23351",139.6
"106","Bacteroides-caccae-ATCC-43185-MAF-2","methylmalonyl-CoA-carboxyltransferase1-3S-KOK17490",94.9
"107","Bacteroides-caccae-ATCC-43185-MAF-2","methylmalonyl-CoA-carboxyltransferase12S-KOK17489",633.6
"108","Bacteroides-caccae-ATCC-43185-MAF-2","methylmalonyl-CoA-decarboxylaseAlpha-KOK01604",937.7
"109","Bacteroides-caccae-ATCC-43185-MAF-2","methylmalonyl-CoA-decarboxylaseBeta-KOK20509",617.7
"110","Bacteroides-caccae-ATCC-43185-MAF-2","methylmalonyl-CoA-decarboxylaseDelta-KOK23352",88
"111","Bacteroides-caccae-ATCC-43185-MAF-2","methylmalonyl-CoA-decarboxylaseGamma-KOK23351",203.2
"112","Bacteroides-caccae-ATCC-43185-MAF-2","methylmalonyl-CoA-epimerase-EC5-1-99-1",241.4
"113","Bacteroides-caccae-ATCC-43185-MAF-2","methylmalonyl-CoA-mutase-EC5-4-99-2",857.9
"114","Bacteroides-cellulosilyticus-DSM-14838-MAF-2","methylmalonyl-CoA-carboxyltransferase1-3S-KOK17490",91.4
"115","Bacteroides-cellulosilyticus-DSM-14838-MAF-2","methylmalonyl-CoA-carboxyltransferase12S-KOK17489",633.9
"116","Bacteroides-cellulosilyticus-DSM-14838-MAF-2","methylmalonyl-CoA-decarboxylaseAlpha-KOK01604",934.7
"117","Bacteroides-cellulosilyticus-DSM-14838-MAF-2","methylmalonyl-CoA-decarboxylaseBeta-KOK20509",614.4
"118","Bacteroides-cellulosilyticus-DSM-14838-MAF-2","methylmalonyl-CoA-decarboxylaseDelta-KOK23352",88.9
"119","Bacteroides-cellulosilyticus-DSM-14838-MAF-2","methylmalonyl-CoA-decarboxylaseGamma-KOK23351",201.5
"120","Bacteroides-cellulosilyticus-DSM-14838-MAF-2","methylmalonyl-CoA-epimerase-EC5-1-99-1",244.7
"121","Bacteroides-cellulosilyticus-DSM-14838-MAF-2","methylmalonyl-CoA-mutase-EC5-4-99-2",859.5
"122","Bacteroides-coprophilus-DSM-18228-MAF-2","methylmalonyl-CoA-carboxyltransferase1-3S-KOK17490",98.1
"123","Bacteroides-coprophilus-DSM-18228-MAF-2","methylmalonyl-CoA-carboxyltransferase12S-KOK17489",627.9
"124","Bacteroides-coprophilus-DSM-18228-MAF-2","methylmalonyl-CoA-decarboxylaseAlpha-KOK01604",941.3
"125","Bacteroides-coprophilus-DSM-18228-MAF-2","methylmalonyl-CoA-decarboxylaseBeta-KOK20509",616.6
"126","Bacteroides-coprophilus-DSM-18228-MAF-2","methylmalonyl-CoA-decarboxylaseDelta-KOK23352",91.7
"127","Bacteroides-coprophilus-DSM-18228-MAF-2","methylmalonyl-CoA-decarboxylaseGamma-KOK23351",194.8
"128","Bacteroides-coprophilus-DSM-18228-MAF-2","methylmalonyl-CoA-epimerase-EC5-1-99-1",240.3
"129","Bacteroides-coprophilus-DSM-18228-MAF-2","methylmalonyl-CoA-mutase-EC5-4-99-2",859
"130","Bacteroides-dorei-5-1-36-D4-MAF-2","methylmalonyl-CoA-carboxyltransferase1-3S-KOK17490",90.9
"131","Bacteroides-dorei-5-1-36-D4-MAF-2","methylmalonyl-CoA-carboxyltransferase12S-KOK17489",636.5
"132","Bacteroides-dorei-5-1-36-D4-MAF-2","methylmalonyl-CoA-decarboxylaseAlpha-KOK01604",942.3
"133","Bacteroides-dorei-5-1-36-D4-MAF-2","methylmalonyl-CoA-decarboxylaseBeta-KOK20509",612.8
"134","Bacteroides-dorei-5-1-36-D4-MAF-2","methylmalonyl-CoA-decarboxylaseDelta-KOK23352",90.2
"135","Bacteroides-dorei-5-1-36-D4-MAF-2","methylmalonyl-CoA-decarboxylaseGamma-KOK23351",199.3
"136","Bacteroides-dorei-5-1-36-D4-MAF-2","methylmalonyl-CoA-epimerase-EC5-1-99-1",238.7
"137","Bacteroides-dorei-5-1-36-D4-MAF-2","methylmalonyl-CoA-mutase-EC5-4-99-2",865
"138","Bacteroides-dorei-DSM-17855-MAF-2","methylmalonyl-CoA-carboxyltransferase1-3S-KOK17490",92.2
"139","Bacteroides-dorei-DSM-17855-MAF-2","methylmalonyl-CoA-carboxyltransferase12S-KOK17489",636.5
"140","Bacteroides-dorei-DSM-17855-MAF-2","methylmalonyl-CoA-decarboxylaseAlpha-KOK01604",942.3
"141","Bacteroides-dorei-DSM-17855-MAF-2","methylmalonyl-CoA-decarboxylaseBeta-KOK20509",613
"142","Bacteroides-dorei-DSM-17855-MAF-2","methylmalonyl-CoA-decarboxylaseDelta-KOK23352",90.2
"143","Bacteroides-dorei-DSM-17855-MAF-2","methylmalonyl-CoA-decarboxylaseGamma-KOK23351",199.4
"144","Bacteroides-dorei-DSM-17855-MAF-2","methylmalonyl-CoA-epimerase-EC5-1-99-1",238.7
"145","Bacteroides-dorei-DSM-17855-MAF-2","methylmalonyl-CoA-mutase-EC5-4-99-2",867.6
"146","Bacteroides-eggerthii-DSM-20697-MAF-2","methylmalonyl-CoA-carboxyltransferase1-3S-KOK17490",90.4
"147","Bacteroides-eggerthii-DSM-20697-MAF-2","methylmalonyl-CoA-carboxyltransferase12S-KOK17489",633.6
"148","Bacteroides-eggerthii-DSM-20697-MAF-2","methylmalonyl-CoA-decarboxylaseAlpha-KOK01604",938.3
"149","Bacteroides-eggerthii-DSM-20697-MAF-2","methylmalonyl-CoA-decarboxylaseBeta-KOK20509",612.7
"150","Bacteroides-eggerthii-DSM-20697-MAF-2","methylmalonyl-CoA-decarboxylaseDelta-KOK23352",90.8
"151","Bacteroides-eggerthii-DSM-20697-MAF-2","methylmalonyl-CoA-decarboxylaseGamma-KOK23351",198.2
"152","Bacteroides-eggerthii-DSM-20697-MAF-2","methylmalonyl-CoA-epimerase-EC5-1-99-1",237.8
"153","Bacteroides-eggerthii-DSM-20697-MAF-2","methylmalonyl-CoA-mutase-EC5-4-99-2",859.9
"154","Bacteroides-finegoldii-DSM-17565-MAF-2","methylmalonyl-CoA-carboxyltransferase1-3S-KOK17490",94.1
"155","Bacteroides-finegoldii-DSM-17565-MAF-2","methylmalonyl-CoA-carboxyltransferase12S-KOK17489",635.7
"156","Bacteroides-finegoldii-DSM-17565-MAF-2","methylmalonyl-CoA-decarboxylaseAlpha-KOK01604",938.6
"157","Bacteroides-finegoldii-DSM-17565-MAF-2","methylmalonyl-CoA-decarboxylaseBeta-KOK20509",615.1
"158","Bacteroides-finegoldii-DSM-17565-MAF-2","methylmalonyl-CoA-decarboxylaseDelta-KOK23352",87.8
"159","Bacteroides-finegoldii-DSM-17565-MAF-2","methylmalonyl-CoA-decarboxylaseGamma-KOK23351",199.4
"160","Bacteroides-finegoldii-DSM-17565-MAF-2","methylmalonyl-CoA-epimerase-EC5-1-99-1",241.4
"161","Bacteroides-finegoldii-DSM-17565-MAF-2","methylmalonyl-CoA-mutase-EC5-4-99-2",857.8
"162","Bacteroides-fragilis-2-1-16-MAF-2","methylmalonyl-CoA-carboxyltransferase1-3S-KOK17490",92.1
"163","Bacteroides-fragilis-2-1-16-MAF-2","methylmalonyl-CoA-carboxyltransferase12S-KOK17489",640.3
"164","Bacteroides-fragilis-2-1-16-MAF-2","methylmalonyl-CoA-decarboxylaseAlpha-KOK01604",934.8
"165","Bacteroides-fragilis-2-1-16-MAF-2","methylmalonyl-CoA-decarboxylaseBeta-KOK20509",612.9
"166","Bacteroides-fragilis-2-1-16-MAF-2","methylmalonyl-CoA-decarboxylaseDelta-KOK23352",98.1
"167","Bacteroides-fragilis-2-1-16-MAF-2","methylmalonyl-CoA-decarboxylaseGamma-KOK23351",200.7
"168","Bacteroides-fragilis-2-1-16-MAF-2","methylmalonyl-CoA-epimerase-EC5-1-99-1",239.1
"169","Bacteroides-fragilis-2-1-16-MAF-2","methylmalonyl-CoA-mutase-EC5-4-99-2",860.1
"170","Bacteroides-fragilis-3-1-12-MAF-2","methylmalonyl-CoA-carboxyltransferase1-3S-KOK17490",93.1
"171","Bacteroides-fragilis-3-1-12-MAF-2","methylmalonyl-CoA-carboxyltransferase12S-KOK17489",640.3
"172","Bacteroides-fragilis-3-1-12-MAF-2","methylmalonyl-CoA-decarboxylaseAlpha-KOK01604",934.8
"173","Bacteroides-fragilis-3-1-12-MAF-2","methylmalonyl-CoA-decarboxylaseBeta-KOK20509",612.8
"174","Bacteroides-fragilis-3-1-12-MAF-2","methylmalonyl-CoA-decarboxylaseDelta-KOK23352",98.9
"175","Bacteroides-fragilis-3-1-12-MAF-2","methylmalonyl-CoA-decarboxylaseGamma-KOK23351",198.7
"176","Bacteroides-fragilis-3-1-12-MAF-2","methylmalonyl-CoA-epimerase-EC5-1-99-1",241.8
"177","Bacteroides-fragilis-3-1-12-MAF-2","methylmalonyl-CoA-mutase-EC5-4-99-2",858.6
"178","Bacteroides-intestinalis-DSM-17393-MAF-2","methylmalonyl-CoA-carboxyltransferase1-3S-KOK17490",91.2
"179","Bacteroides-intestinalis-DSM-17393-MAF-2","methylmalonyl-CoA-carboxyltransferase12S-KOK17489",634.1
"180","Bacteroides-intestinalis-DSM-17393-MAF-2","methylmalonyl-CoA-decarboxylaseAlpha-KOK01604",934.9
"181","Bacteroides-intestinalis-DSM-17393-MAF-2","methylmalonyl-CoA-decarboxylaseBeta-KOK20509",613.1
"182","Bacteroides-intestinalis-DSM-17393-MAF-2","methylmalonyl-CoA-decarboxylaseDelta-KOK23352",92.8
"183","Bacteroides-intestinalis-DSM-17393-MAF-2","methylmalonyl-CoA-decarboxylaseGamma-KOK23351",200.8
"184","Bacteroides-intestinalis-DSM-17393-MAF-2","methylmalonyl-CoA-epimerase-EC5-1-99-1",244.7
"185","Bacteroides-intestinalis-DSM-17393-MAF-2","methylmalonyl-CoA-mutase-EC5-4-99-2",861.1
"186","Bacteroides-ovatus-ATCC-8483-MAF-2","methylmalonyl-CoA-carboxyltransferase1-3S-KOK17490",94.5
"187","Bacteroides-ovatus-ATCC-8483-MAF-2","methylmalonyl-CoA-carboxyltransferase12S-KOK17489",632.4
"188","Bacteroides-ovatus-ATCC-8483-MAF-2","methylmalonyl-CoA-decarboxylaseAlpha-KOK01604",936.5
"189","Bacteroides-ovatus-ATCC-8483-MAF-2","methylmalonyl-CoA-decarboxylaseBeta-KOK20509",616.4
"190","Bacteroides-ovatus-ATCC-8483-MAF-2","methylmalonyl-CoA-decarboxylaseDelta-KOK23352",86
"191","Bacteroides-ovatus-ATCC-8483-MAF-2","methylmalonyl-CoA-decarboxylaseGamma-KOK23351",202.5
"192","Bacteroides-ovatus-ATCC-8483-MAF-2","methylmalonyl-CoA-epimerase-EC5-1-99-1",241.4
"193","Bacteroides-ovatus-ATCC-8483-MAF-2","methylmalonyl-CoA-mutase-EC5-4-99-2",857.4
"194","Bacteroides-pectinophilus-ATCC-43243-MAF-2","methylmalonyl-CoA-carboxyltransferase1-3S-KOK17490",98.2
"195","Bacteroides-pectinophilus-ATCC-43243-MAF-2","methylmalonyl-CoA-carboxyltransferase5S-KOK03416",537.8
"196","Bacteroides-pectinophilus-ATCC-43243-MAF-2","methylmalonyl-CoA-decarboxylaseAlpha-KOK01604",494.4
"197","Bacteroides-pectinophilus-ATCC-43243-MAF-2","methylmalonyl-CoA-decarboxylaseBeta-KOK20509",554
"198","Bacteroides-pectinophilus-ATCC-43243-MAF-2","methylmalonyl-CoA-decarboxylaseDelta-KOK23352",65.9
"199","Bacteroides-pectinophilus-ATCC-43243-MAF-2","methylmalonyl-CoA-decarboxylaseGamma-KOK23351",139.7
"200","Bacteroides-plebeius-DSM-17135-MAF-2","methylmalonyl-CoA-carboxyltransferase1-3S-KOK17490",96.7
"201","Bacteroides-plebeius-DSM-17135-MAF-2","methylmalonyl-CoA-carboxyltransferase12S-KOK17489",626.8
"202","Bacteroides-plebeius-DSM-17135-MAF-2","methylmalonyl-CoA-decarboxylaseAlpha-KOK01604",940.6
"203","Bacteroides-plebeius-DSM-17135-MAF-2","methylmalonyl-CoA-decarboxylaseBeta-KOK20509",614.7
"204","Bacteroides-plebeius-DSM-17135-MAF-2","methylmalonyl-CoA-decarboxylaseDelta-KOK23352",93.1
"205","Bacteroides-plebeius-DSM-17135-MAF-2","methylmalonyl-CoA-decarboxylaseGamma-KOK23351",193.4
"206","Bacteroides-plebeius-DSM-17135-MAF-2","methylmalonyl-CoA-epimerase-EC5-1-99-1",237
"207","Bacteroides-plebeius-DSM-17135-MAF-2","methylmalonyl-CoA-mutase-EC5-4-99-2",859.7
"208","Bacteroides-rodentium-JCM-16496-MAF-2","methylmalonyl-CoA-carboxyltransferase1-3S-KOK17490",94.6
"209","Bacteroides-rodentium-JCM-16496-MAF-2","methylmalonyl-CoA-carboxyltransferase12S-KOK17489",634.5
"210","Bacteroides-rodentium-JCM-16496-MAF-2","methylmalonyl-CoA-decarboxylaseAlpha-KOK01604",939.1
"211","Bacteroides-rodentium-JCM-16496-MAF-2","methylmalonyl-CoA-decarboxylaseBeta-KOK20509",611.2
"212","Bacteroides-rodentium-JCM-16496-MAF-2","methylmalonyl-CoA-decarboxylaseDelta-KOK23352",91.3
"213","Bacteroides-rodentium-JCM-16496-MAF-2","methylmalonyl-CoA-decarboxylaseGamma-KOK23351",199.4
"214","Bacteroides-rodentium-JCM-16496-MAF-2","methylmalonyl-CoA-epimerase-EC5-1-99-1",246
"215","Bacteroides-rodentium-JCM-16496-MAF-2","methylmalonyl-CoA-mutase-EC5-4-99-2",856.7
"216","Bacteroides-sp-3-1-19-MAF-2","methylmalonyl-CoA-carboxyltransferase1-3S-KOK17490",86.5
"217","Bacteroides-sp-3-1-19-MAF-2","methylmalonyl-CoA-carboxyltransferase12S-KOK17489",646.2
"218","Bacteroides-sp-3-1-19-MAF-2","methylmalonyl-CoA-decarboxylaseAlpha-KOK01604",941.3
"219","Bacteroides-sp-3-1-19-MAF-2","methylmalonyl-CoA-decarboxylaseBeta-KOK20509",610.3
"220","Bacteroides-sp-3-1-19-MAF-2","methylmalonyl-CoA-decarboxylaseDelta-KOK23352",97.8
"221","Bacteroides-sp-3-1-19-MAF-2","methylmalonyl-CoA-decarboxylaseGamma-KOK23351",194.6
"222","Bacteroides-sp-3-1-19-MAF-2","methylmalonyl-CoA-epimerase-EC5-1-99-1",244
"223","Bacteroides-sp-3-1-19-MAF-2","methylmalonyl-CoA-mutase-EC5-4-99-2",844.9
"224","Bacteroides-sp-9-1-42FAA-MAF-2","methylmalonyl-CoA-carboxyltransferase1-3S-KOK17490",90.9
"225","Bacteroides-sp-9-1-42FAA-MAF-2","methylmalonyl-CoA-carboxyltransferase12S-KOK17489",635.7
"226","Bacteroides-sp-9-1-42FAA-MAF-2","methylmalonyl-CoA-decarboxylaseAlpha-KOK01604",941.2
"227","Bacteroides-sp-9-1-42FAA-MAF-2","methylmalonyl-CoA-decarboxylaseBeta-KOK20509",613
"228","Bacteroides-sp-9-1-42FAA-MAF-2","methylmalonyl-CoA-decarboxylaseDelta-KOK23352",90.2
"229","Bacteroides-sp-9-1-42FAA-MAF-2","methylmalonyl-CoA-decarboxylaseGamma-KOK23351",199.3
"230","Bacteroides-sp-9-1-42FAA-MAF-2","methylmalonyl-CoA-epimerase-EC5-1-99-1",238.7
"231","Bacteroides-sp-9-1-42FAA-MAF-2","methylmalonyl-CoA-mutase-EC5-4-99-2",865
"232","Bacteroides-sp-D2-MAF-2","methylmalonyl-CoA-carboxyltransferase1-3S-KOK17490",94
"233","Bacteroides-sp-D2-MAF-2","methylmalonyl-CoA-carboxyltransferase12S-KOK17489",632.5
"234","Bacteroides-sp-D2-MAF-2","methylmalonyl-CoA-decarboxylaseAlpha-KOK01604",933.7
"235","Bacteroides-sp-D2-MAF-2","methylmalonyl-CoA-decarboxylaseBeta-KOK20509",611.4
"236","Bacteroides-sp-D2-MAF-2","methylmalonyl-CoA-decarboxylaseDelta-KOK23352",87
"237","Bacteroides-sp-D2-MAF-2","methylmalonyl-CoA-decarboxylaseGamma-KOK23351",201.2
"238","Bacteroides-sp-D2-MAF-2","methylmalonyl-CoA-epimerase-EC5-1-99-1",240
"239","Bacteroides-sp-D2-MAF-2","methylmalonyl-CoA-mutase-EC5-4-99-2",856.2
"240","Bacteroides-stercoris-ATCC-43183-MAF-2","methylmalonyl-CoA-carboxyltransferase1-3S-KOK17490",91.5
"241","Bacteroides-stercoris-ATCC-43183-MAF-2","methylmalonyl-CoA-carboxyltransferase12S-KOK17489",633.7
"242","Bacteroides-stercoris-ATCC-43183-MAF-2","methylmalonyl-CoA-decarboxylaseAlpha-KOK01604",938.8
"243","Bacteroides-stercoris-ATCC-43183-MAF-2","methylmalonyl-CoA-decarboxylaseBeta-KOK20509",609.9
"244","Bacteroides-stercoris-ATCC-43183-MAF-2","methylmalonyl-CoA-decarboxylaseDelta-KOK23352",87.6
"245","Bacteroides-stercoris-ATCC-43183-MAF-2","methylmalonyl-CoA-decarboxylaseGamma-KOK23351",199.8
"246","Bacteroides-stercoris-ATCC-43183-MAF-2","methylmalonyl-CoA-epimerase-EC5-1-99-1",239.7
"247","Bacteroides-stercoris-ATCC-43183-MAF-2","methylmalonyl-CoA-mutase-EC5-4-99-2",860.7
"248","Bacteroides-thetaiotaomicron-1-1-6-MAF-2","methylmalonyl-CoA-carboxyltransferase1-3S-KOK17490",95.4
"249","Bacteroides-thetaiotaomicron-1-1-6-MAF-2","methylmalonyl-CoA-carboxyltransferase12S-KOK17489",632.5
"250","Bacteroides-thetaiotaomicron-1-1-6-MAF-2","methylmalonyl-CoA-decarboxylaseAlpha-KOK01604",936.6
"251","Bacteroides-thetaiotaomicron-1-1-6-MAF-2","methylmalonyl-CoA-decarboxylaseBeta-KOK20509",613.1
"252","Bacteroides-thetaiotaomicron-1-1-6-MAF-2","methylmalonyl-CoA-decarboxylaseDelta-KOK23352",89.3
"253","Bacteroides-thetaiotaomicron-1-1-6-MAF-2","methylmalonyl-CoA-decarboxylaseGamma-KOK23351",203.7
"254","Bacteroides-thetaiotaomicron-1-1-6-MAF-2","methylmalonyl-CoA-epimerase-EC5-1-99-1",241.4
"255","Bacteroides-thetaiotaomicron-1-1-6-MAF-2","methylmalonyl-CoA-mutase-EC5-4-99-2",857.6
"256","Bacteroides-thetaiotaomicron-VPI-5482-MAF-2","methylmalonyl-CoA-carboxyltransferase1-3S-KOK17490",95.2
"257","Bacteroides-thetaiotaomicron-VPI-5482-MAF-2","methylmalonyl-CoA-carboxyltransferase12S-KOK17489",632.5
"258","Bacteroides-thetaiotaomicron-VPI-5482-MAF-2","methylmalonyl-CoA-decarboxylaseAlpha-KOK01604",936.6
"259","Bacteroides-thetaiotaomicron-VPI-5482-MAF-2","methylmalonyl-CoA-decarboxylaseBeta-KOK20509",612.7
"260","Bacteroides-thetaiotaomicron-VPI-5482-MAF-2","methylmalonyl-CoA-decarboxylaseDelta-KOK23352",89.3
"261","Bacteroides-thetaiotaomicron-VPI-5482-MAF-2","methylmalonyl-CoA-decarboxylaseGamma-KOK23351",203.5
"262","Bacteroides-thetaiotaomicron-VPI-5482-MAF-2","methylmalonyl-CoA-epimerase-EC5-1-99-1",241.4
"263","Bacteroides-thetaiotaomicron-VPI-5482-MAF-2","methylmalonyl-CoA-mutase-EC5-4-99-2",860
"264","Bacteroides-uniformis-ATCC-8492-MAF-2","methylmalonyl-CoA-carboxyltransferase1-3S-KOK17490",92.5
"265","Bacteroides-uniformis-ATCC-8492-MAF-2","methylmalonyl-CoA-carboxyltransferase12S-KOK17489",635.1
"266","Bacteroides-uniformis-ATCC-8492-MAF-2","methylmalonyl-CoA-decarboxylaseAlpha-KOK01604",938.5
"267","Bacteroides-uniformis-ATCC-8492-MAF-2","methylmalonyl-CoA-decarboxylaseBeta-KOK20509",610.8
"268","Bacteroides-uniformis-ATCC-8492-MAF-2","methylmalonyl-CoA-decarboxylaseDelta-KOK23352",90.6
"269","Bacteroides-uniformis-ATCC-8492-MAF-2","methylmalonyl-CoA-decarboxylaseGamma-KOK23351",200.2
"270","Bacteroides-uniformis-ATCC-8492-MAF-2","methylmalonyl-CoA-epimerase-EC5-1-99-1",246.4
"271","Bacteroides-uniformis-ATCC-8492-MAF-2","methylmalonyl-CoA-mutase-EC5-4-99-2",857.8
"272","Bacteroides-xylanisolvens-SD-CC-1b-MAF-2","methylmalonyl-CoA-carboxyltransferase1-3S-KOK17490",94.5
"273","Bacteroides-xylanisolvens-SD-CC-1b-MAF-2","methylmalonyl-CoA-carboxyltransferase12S-KOK17489",632.4
"274","Bacteroides-xylanisolvens-SD-CC-1b-MAF-2","methylmalonyl-CoA-decarboxylaseAlpha-KOK01604",936.5
"275","Bacteroides-xylanisolvens-SD-CC-1b-MAF-2","methylmalonyl-CoA-decarboxylaseBeta-KOK20509",616.4
"276","Bacteroides-xylanisolvens-SD-CC-1b-MAF-2","methylmalonyl-CoA-decarboxylaseDelta-KOK23352",86.1
"277","Bacteroides-xylanisolvens-SD-CC-1b-MAF-2","methylmalonyl-CoA-decarboxylaseGamma-KOK23351",202.5
"278","Bacteroides-xylanisolvens-SD-CC-1b-MAF-2","methylmalonyl-CoA-epimerase-EC5-1-99-1",241.4
"279","Bacteroides-xylanisolvens-SD-CC-1b-MAF-2","methylmalonyl-CoA-mutase-EC5-4-99-2",858.4
"280","Bacteroides_fragilis","methylmalonyl-CoA-carboxyltransferase1-3S-KOK17490",92.1
"281","Bacteroides_fragilis","methylmalonyl-CoA-carboxyltransferase12S-KOK17489",640.3
"282","Bacteroides_fragilis","methylmalonyl-CoA-decarboxylaseAlpha-KOK01604",934.8
"283","Bacteroides_fragilis","methylmalonyl-CoA-decarboxylaseBeta-KOK20509",612.9
"284","Bacteroides_fragilis","methylmalonyl-CoA-decarboxylaseDelta-KOK23352",98.1
"285","Bacteroides_fragilis","methylmalonyl-CoA-decarboxylaseGamma-KOK23351",200.7
"286","Bacteroides_fragilis","methylmalonyl-CoA-epimerase-EC5-1-99-1",239.1
"287","Bacteroides_fragilis","methylmalonyl-CoA-mutase-EC5-4-99-2",860.1
"288","Bacteroides_ovatus","methylmalonyl-CoA-carboxyltransferase1-3S-KOK17490",94.5
"289","Bacteroides_ovatus","methylmalonyl-CoA-carboxyltransferase12S-KOK17489",632.4
"290","Bacteroides_ovatus","methylmalonyl-CoA-decarboxylaseAlpha-KOK01604",936.5
"291","Bacteroides_ovatus","methylmalonyl-CoA-decarboxylaseBeta-KOK20509",616.4
"292","Bacteroides_ovatus","methylmalonyl-CoA-decarboxylaseDelta-KOK23352",86
"293","Bacteroides_ovatus","methylmalonyl-CoA-decarboxylaseGamma-KOK23351",202.5
"294","Bacteroides_ovatus","methylmalonyl-CoA-epimerase-EC5-1-99-1",241.4
"295","Bacteroides_ovatus","methylmalonyl-CoA-mutase-EC5-4-99-2",857.4
"296","Bacteroides_thetaiotaomicron","methylmalonyl-CoA-carboxyltransferase1-3S-KOK17490",95.2
"297","Bacteroides_thetaiotaomicron","methylmalonyl-CoA-carboxyltransferase12S-KOK17489",632.5
"298","Bacteroides_thetaiotaomicron","methylmalonyl-CoA-decarboxylaseAlpha-KOK01604",936.6
"299","Bacteroides_thetaiotaomicron","methylmalonyl-CoA-decarboxylaseBeta-KOK20509",612.7
"300","Bacteroides_thetaiotaomicron","methylmalonyl-CoA-decarboxylaseDelta-KOK23352",89.3
"301","Bacteroides_thetaiotaomicron","methylmalonyl-CoA-decarboxylaseGamma-KOK23351",203.5
"302","Bacteroides_thetaiotaomicron","methylmalonyl-CoA-epimerase-EC5-1-99-1",241.4
"303","Bacteroides_thetaiotaomicron","methylmalonyl-CoA-mutase-EC5-4-99-2",860
"304","Bifidobacterium-adolescentis-L2-32-MAF-2","methylmalonyl-CoA-carboxyltransferase12S-KOK17489",479.3
"305","Bifidobacterium-adolescentis-L2-32-MAF-2","methylmalonyl-CoA-decarboxylaseAlpha-KOK01604",647
"306","Bifidobacterium_adolescentis","methylmalonyl-CoA-carboxyltransferase12S-KOK17489",479.1
"307","Bifidobacterium_adolescentis","methylmalonyl-CoA-decarboxylaseAlpha-KOK01604",647
"308","Bifidobacterium_longum","methylmalonyl-CoA-carboxyltransferase12S-KOK17489",482
"309","Bifidobacterium_longum","methylmalonyl-CoA-decarboxylaseAlpha-KOK01604",650.1
"310","Blautia-hansenii-DSM-20583-MAF-2","methylmalonyl-CoA-carboxyltransferase1-3S-KOK17490",95.7
"311","Blautia-hansenii-DSM-20583-MAF-2","methylmalonyl-CoA-carboxyltransferase5S-KOK03416",550.2
"312","Blautia-hansenii-DSM-20583-MAF-2","methylmalonyl-CoA-decarboxylaseAlpha-KOK01604",516
"313","Blautia-hansenii-DSM-20583-MAF-2","methylmalonyl-CoA-decarboxylaseBeta-KOK20509",548.3
"314","Blautia-hansenii-DSM-20583-MAF-2","methylmalonyl-CoA-decarboxylaseDelta-KOK23352",84
"315","Blautia-hansenii-DSM-20583-MAF-2","methylmalonyl-CoA-decarboxylaseGamma-KOK23351",123.9
"316","Blautia-hydrogenotrophica-DSM-10507-MAF-2","methylmalonyl-CoA-carboxyltransferase5S-KOK03416",546.5
"317","Blautia-hydrogenotrophica-DSM-10507-MAF-2","methylmalonyl-CoA-decarboxylaseAlpha-KOK01604",501.7
"318","Blautia-hydrogenotrophica-DSM-10507-MAF-2","methylmalonyl-CoA-decarboxylaseBeta-KOK20509",551.2
"319","Blautia-hydrogenotrophica-DSM-10507-MAF-2","methylmalonyl-CoA-decarboxylaseDelta-KOK23352",90.9
"320","Blautia-hydrogenotrophica-DSM-10507-MAF-2","methylmalonyl-CoA-decarboxylaseGamma-KOK23351",118.9
"321","Blautia-obeum-ATCC-29174-MAF-2","methylmalonyl-CoA-carboxyltransferase1-3S-KOK17490",86.2
"322","Blautia-obeum-ATCC-29174-MAF-2","methylmalonyl-CoA-carboxyltransferase5S-KOK03416",549.6
"323","Blautia-obeum-ATCC-29174-MAF-2","methylmalonyl-CoA-decarboxylaseAlpha-KOK01604",493.1
"324","Blautia-obeum-ATCC-29174-MAF-2","methylmalonyl-CoA-decarboxylaseBeta-KOK20509",551.2
"325","Blautia-obeum-ATCC-29174-MAF-2","methylmalonyl-CoA-decarboxylaseDelta-KOK23352",82.7
"326","Blautia-obeum-ATCC-29174-MAF-2","methylmalonyl-CoA-decarboxylaseGamma-KOK23351",120.8
"327","Blautia-sp-KLE-1732-MAF-2","methylmalonyl-CoA-carboxyltransferase1-3S-KOK17490",86.2
"328","Blautia-sp-KLE-1732-MAF-2","methylmalonyl-CoA-carboxyltransferase5S-KOK03416",553.5
"329","Blautia-sp-KLE-1732-MAF-2","methylmalonyl-CoA-decarboxylaseAlpha-KOK01604",501
"330","Blautia-sp-KLE-1732-MAF-2","methylmalonyl-CoA-decarboxylaseBeta-KOK20509",546.8
"331","Blautia-sp-KLE-1732-MAF-2","methylmalonyl-CoA-decarboxylaseDelta-KOK23352",85.5
"332","Blautia-sp-KLE-1732-MAF-2","methylmalonyl-CoA-decarboxylaseGamma-KOK23351",118.7
"333","Blautia-wexlerae-DSM-19850-MAF-2","methylmalonyl-CoA-carboxyltransferase1-3S-KOK17490",88.2
"334","Blautia-wexlerae-DSM-19850-MAF-2","methylmalonyl-CoA-carboxyltransferase5S-KOK03416",547.2
"335","Blautia-wexlerae-DSM-19850-MAF-2","methylmalonyl-CoA-decarboxylaseAlpha-KOK01604",505.3
"336","Blautia-wexlerae-DSM-19850-MAF-2","methylmalonyl-CoA-decarboxylaseBeta-KOK20509",546.6
"337","Blautia-wexlerae-DSM-19850-MAF-2","methylmalonyl-CoA-decarboxylaseDelta-KOK23352",82.3
"338","Blautia-wexlerae-DSM-19850-MAF-2","methylmalonyl-CoA-decarboxylaseGamma-KOK23351",122.4
"339","Butyricimonas-virosa-DSM-23226-MAF-2","methylmalonyl-CoA-carboxyltransferase1-3S-KOK17490",95.7
"340","Butyricimonas-virosa-DSM-23226-MAF-2","methylmalonyl-CoA-carboxyltransferase12S-KOK17489",632.4
"341","Butyricimonas-virosa-DSM-23226-MAF-2","methylmalonyl-CoA-decarboxylaseAlpha-KOK01604",910.8
"342","Butyricimonas-virosa-DSM-23226-MAF-2","methylmalonyl-CoA-decarboxylaseBeta-KOK20509",597.2
"343","Butyricimonas-virosa-DSM-23226-MAF-2","methylmalonyl-CoA-decarboxylaseDelta-KOK23352",112.6
"344","Butyricimonas-virosa-DSM-23226-MAF-2","methylmalonyl-CoA-decarboxylaseGamma-KOK23351",161.3
"345","Butyricimonas-virosa-DSM-23226-MAF-2","methylmalonyl-CoA-epimerase-EC5-1-99-1",230.3
"346","Butyricimonas-virosa-DSM-23226-MAF-2","methylmalonyl-CoA-mutase-EC5-4-99-2",842.9
"347","Butyrivibrio-crossotus-DSM-2876-MAF-2","methylmalonyl-CoA-carboxyltransferase1-3S-KOK17490",91.2
"348","Butyrivibrio-crossotus-DSM-2876-MAF-2","methylmalonyl-CoA-carboxyltransferase12S-KOK17489",613.9
"349","Butyrivibrio-crossotus-DSM-2876-MAF-2","methylmalonyl-CoA-carboxyltransferase5S-KOK03416",545.8
"350","Butyrivibrio-crossotus-DSM-2876-MAF-2","methylmalonyl-CoA-decarboxylaseAlpha-KOK01604",791
"351","Butyrivibrio-crossotus-DSM-2876-MAF-2","methylmalonyl-CoA-decarboxylaseBeta-KOK20509",551.7
"352","Butyrivibrio-crossotus-DSM-2876-MAF-2","methylmalonyl-CoA-decarboxylaseDelta-KOK23352",60.8
"353","Butyrivibrio-crossotus-DSM-2876-MAF-2","methylmalonyl-CoA-decarboxylaseGamma-KOK23351",143.1
"354","Clostridium-scindens-ATCC-35704-MAF-2","methylmalonyl-CoA-carboxyltransferase1-3S-KOK17490",90.9
"355","Clostridium-scindens-ATCC-35704-MAF-2","methylmalonyl-CoA-carboxyltransferase5S-KOK03416",547.7
"356","Clostridium-scindens-ATCC-35704-MAF-2","methylmalonyl-CoA-decarboxylaseAlpha-KOK01604",528.8
"357","Clostridium-scindens-ATCC-35704-MAF-2","methylmalonyl-CoA-decarboxylaseBeta-KOK20509",556.1
"358","Clostridium-scindens-ATCC-35704-MAF-2","methylmalonyl-CoA-decarboxylaseDelta-KOK23352",92.8
"359","Clostridium-scindens-ATCC-35704-MAF-2","methylmalonyl-CoA-decarboxylaseGamma-KOK23351",119.2
"360","Clostridium-sp-M62-1-MAF-2","methylmalonyl-CoA-carboxyltransferase1-3S-KOK17490",174.3
"361","Clostridium-sp-M62-1-MAF-2","methylmalonyl-CoA-carboxyltransferase5S-KOK03416",533.7
"362","Clostridium-sp-M62-1-MAF-2","methylmalonyl-CoA-decarboxylaseAlpha-KOK01604",508.5
"363","Clostridium-sp-M62-1-MAF-2","methylmalonyl-CoA-decarboxylaseBeta-KOK20509",561.5
"364","Clostridium-sp-M62-1-MAF-2","methylmalonyl-CoA-decarboxylaseDelta-KOK23352",73.9
"365","Clostridium-sp-M62-1-MAF-2","methylmalonyl-CoA-decarboxylaseGamma-KOK23351",245.9
"366","Collinsella-stercoris-DSM-13279-MAF-2","methylmalonyl-CoA-decarboxylaseBeta-KOK20509",473.2
"367","Collinsella-stercoris-DSM-13279-MAF-2","methylmalonyl-CoA-decarboxylaseGamma-KOK23351",139.9
"368","Coprococcus-comes-ATCC-27758-MAF-2","methylmalonyl-CoA-carboxyltransferase1-3S-KOK17490",93.7
"369","Coprococcus-comes-ATCC-27758-MAF-2","methylmalonyl-CoA-carboxyltransferase5S-KOK03416",545.9
"370","Coprococcus-comes-ATCC-27758-MAF-2","methylmalonyl-CoA-decarboxylaseAlpha-KOK01604",501.2
"371","Coprococcus-comes-ATCC-27758-MAF-2","methylmalonyl-CoA-decarboxylaseBeta-KOK20509",548.6
"372","Coprococcus-comes-ATCC-27758-MAF-2","methylmalonyl-CoA-decarboxylaseDelta-KOK23352",106.2
"373","Coprococcus-comes-ATCC-27758-MAF-2","methylmalonyl-CoA-decarboxylaseGamma-KOK23351",115.9
"374","Coprococcus-eutactus-ATCC-27759-MAF-2","methylmalonyl-CoA-carboxyltransferase1-3S-KOK17490",97.6
"375","Coprococcus-eutactus-ATCC-27759-MAF-2","methylmalonyl-CoA-carboxyltransferase5S-KOK03416",544
"376","Coprococcus-eutactus-ATCC-27759-MAF-2","methylmalonyl-CoA-decarboxylaseAlpha-KOK01604",530.6
"377","Coprococcus-eutactus-ATCC-27759-MAF-2","methylmalonyl-CoA-decarboxylaseBeta-KOK20509",542.7
"378","Coprococcus-eutactus-ATCC-27759-MAF-2","methylmalonyl-CoA-decarboxylaseDelta-KOK23352",60
"379","Coprococcus-eutactus-ATCC-27759-MAF-2","methylmalonyl-CoA-decarboxylaseGamma-KOK23351",149.3
"380","Dorea-formicigenerans-ATCC-27755-MAF-2","methylmalonyl-CoA-carboxyltransferase1-3S-KOK17490",87.3
"381","Dorea-formicigenerans-ATCC-27755-MAF-2","methylmalonyl-CoA-carboxyltransferase5S-KOK03416",545.4
"382","Dorea-formicigenerans-ATCC-27755-MAF-2","methylmalonyl-CoA-decarboxylaseAlpha-KOK01604",538.6
"383","Dorea-formicigenerans-ATCC-27755-MAF-2","methylmalonyl-CoA-decarboxylaseBeta-KOK20509",555.9
"384","Dorea-formicigenerans-ATCC-27755-MAF-2","methylmalonyl-CoA-decarboxylaseDelta-KOK23352",85.7
"385","Dorea-formicigenerans-ATCC-27755-MAF-2","methylmalonyl-CoA-decarboxylaseGamma-KOK23351",110.7
"386","Dorea-longicatena-DSM-13814-MAF-2","methylmalonyl-CoA-carboxyltransferase1-3S-KOK17490",92.2
"387","Dorea-longicatena-DSM-13814-MAF-2","methylmalonyl-CoA-carboxyltransferase5S-KOK03416",556.9
"388","Dorea-longicatena-DSM-13814-MAF-2","methylmalonyl-CoA-decarboxylaseAlpha-KOK01604",525
"389","Dorea-longicatena-DSM-13814-MAF-2","methylmalonyl-CoA-decarboxylaseBeta-KOK20509",553.9
"390","Dorea-longicatena-DSM-13814-MAF-2","methylmalonyl-CoA-decarboxylaseDelta-KOK23352",84.8
"391","Dorea-longicatena-DSM-13814-MAF-2","methylmalonyl-CoA-decarboxylaseGamma-KOK23351",118.2
"392","Enterocloster-asparagiformis-DSM-15981-MAF-2","methylmalonyl-CoA-carboxyltransferase1-3S-KOK17490",97
"393","Enterocloster-asparagiformis-DSM-15981-MAF-2","methylmalonyl-CoA-carboxyltransferase5S-KOK03416",529.4
"394","Enterocloster-asparagiformis-DSM-15981-MAF-2","methylmalonyl-CoA-decarboxylaseAlpha-KOK01604",520.4
"395","Enterocloster-asparagiformis-DSM-15981-MAF-2","methylmalonyl-CoA-decarboxylaseBeta-KOK20509",543.3
"396","Enterocloster-asparagiformis-DSM-15981-MAF-2","methylmalonyl-CoA-decarboxylaseDelta-KOK23352",89
"397","Enterocloster-asparagiformis-DSM-15981-MAF-2","methylmalonyl-CoA-decarboxylaseGamma-KOK23351",148.6
"398","Enterocloster-asparagiformis-DSM-15981-MAF-2","methylmalonyl-CoA-epimerase-EC5-1-99-1",126.1
"399","Enterocloster-bolteae-ATCC-BAA-613-MAF-2","methylmalonyl-CoA-carboxyltransferase1-3S-KOK17490",95.4
"400","Enterocloster-bolteae-ATCC-BAA-613-MAF-2","methylmalonyl-CoA-carboxyltransferase5S-KOK03416",531.4
"401","Enterocloster-bolteae-ATCC-BAA-613-MAF-2","methylmalonyl-CoA-decarboxylaseAlpha-KOK01604",524.1
"402","Enterocloster-bolteae-ATCC-BAA-613-MAF-2","methylmalonyl-CoA-decarboxylaseBeta-KOK20509",540.4
"403","Enterocloster-bolteae-ATCC-BAA-613-MAF-2","methylmalonyl-CoA-decarboxylaseDelta-KOK23352",87.9
"404","Enterocloster-bolteae-ATCC-BAA-613-MAF-2","methylmalonyl-CoA-decarboxylaseGamma-KOK23351",147.2
"405","Enterocloster-bolteae-ATCC-BAA-613-MAF-2","methylmalonyl-CoA-epimerase-EC5-1-99-1",100
"406","Escherichia_coli","methylmalonyl-CoA-carboxyltransferase1-3S-KOK17490",89.9
"407","Escherichia_coli","methylmalonyl-CoA-decarboxylaseGamma-KOK23351",113
"408","Escherichia_coli","methylmalonyl-CoA-mutase-EC5-4-99-2",768.4
"409","Eubacterium-siraeum-DSM-15702-MAF-2","methylmalonyl-CoA-carboxyltransferase5S-KOK03416",588
"410","Eubacterium-siraeum-DSM-15702-MAF-2","methylmalonyl-CoA-decarboxylaseBeta-KOK20509",568.3
"411","Eubacterium-siraeum-DSM-15702-MAF-2","methylmalonyl-CoA-decarboxylaseDelta-KOK23352",97.7
"412","Eubacterium-siraeum-DSM-15702-MAF-2","methylmalonyl-CoA-decarboxylaseGamma-KOK23351",132.6
"413","Eubacterium-ventriosum-ATCC-27560-MAF-2","methylmalonyl-CoA-carboxyltransferase1-3S-KOK17490",94
"414","Eubacterium-ventriosum-ATCC-27560-MAF-2","methylmalonyl-CoA-carboxyltransferase5S-KOK03416",540.9
"415","Eubacterium-ventriosum-ATCC-27560-MAF-2","methylmalonyl-CoA-decarboxylaseAlpha-KOK01604",501.5
"416","Eubacterium-ventriosum-ATCC-27560-MAF-2","methylmalonyl-CoA-decarboxylaseBeta-KOK20509",549
"417","Eubacterium-ventriosum-ATCC-27560-MAF-2","methylmalonyl-CoA-decarboxylaseDelta-KOK23352",75.7
"418","Eubacterium-ventriosum-ATCC-27560-MAF-2","methylmalonyl-CoA-decarboxylaseGamma-KOK23351",132
"419","Eubacterium_eligens","methylmalonyl-CoA-carboxyltransferase1-3S-KOK17490",101.9
"420","Eubacterium_eligens","methylmalonyl-CoA-carboxyltransferase5S-KOK03416",542.3
"421","Eubacterium_eligens","methylmalonyl-CoA-decarboxylaseAlpha-KOK01604",485.5
"422","Eubacterium_eligens","methylmalonyl-CoA-decarboxylaseBeta-KOK20509",545.4
"423","Eubacterium_eligens","methylmalonyl-CoA-decarboxylaseDelta-KOK23352",89.4
"424","Eubacterium_eligens","methylmalonyl-CoA-decarboxylaseGamma-KOK23351",142
"425","Eubacterium_rectale","methylmalonyl-CoA-carboxyltransferase1-3S-KOK17490",98.1
"426","Eubacterium_rectale","methylmalonyl-CoA-carboxyltransferase5S-KOK03416",569.8
"427","Eubacterium_rectale","methylmalonyl-CoA-decarboxylaseAlpha-KOK01604",479.8
"428","Eubacterium_rectale","methylmalonyl-CoA-decarboxylaseBeta-KOK20509",547
"429","Eubacterium_rectale","methylmalonyl-CoA-decarboxylaseDelta-KOK23352",84.1
"430","Eubacterium_rectale","methylmalonyl-CoA-decarboxylaseGamma-KOK23351",119.9
"431","Faecalibacterium_prausnitzii","methylmalonyl-CoA-carboxyltransferase1-3S-KOK17490",106.4
"432","Faecalibacterium_prausnitzii","methylmalonyl-CoA-carboxyltransferase5S-KOK03416",603.3
"433","Faecalibacterium_prausnitzii","methylmalonyl-CoA-decarboxylaseBeta-KOK20509",550.6
"434","Faecalibacterium_prausnitzii","methylmalonyl-CoA-decarboxylaseDelta-KOK23352",70.9
"435","Faecalibacterium_prausnitzii","methylmalonyl-CoA-decarboxylaseGamma-KOK23351",150.4
"436","Granulicatella-adiacens-ATCC-49175-MAF-2","methylmalonyl-CoA-carboxyltransferase1-3S-KOK17490",91.8
"437","Granulicatella-adiacens-ATCC-49175-MAF-2","methylmalonyl-CoA-carboxyltransferase5S-KOK03416",564.7
"438","Granulicatella-adiacens-ATCC-49175-MAF-2","methylmalonyl-CoA-decarboxylaseBeta-KOK20509",551.1
"439","Granulicatella-adiacens-ATCC-49175-MAF-2","methylmalonyl-CoA-decarboxylaseGamma-KOK23351",134.4
"440","Lachnospira-eligens-ATCC-27750-MAF-2","methylmalonyl-CoA-carboxyltransferase1-3S-KOK17490",101.9
"441","Lachnospira-eligens-ATCC-27750-MAF-2","methylmalonyl-CoA-carboxyltransferase5S-KOK03416",542.3
"442","Lachnospira-eligens-ATCC-27750-MAF-2","methylmalonyl-CoA-decarboxylaseAlpha-KOK01604",485.5
"443","Lachnospira-eligens-ATCC-27750-MAF-2","methylmalonyl-CoA-decarboxylaseBeta-KOK20509",545.4
"444","Lachnospira-eligens-ATCC-27750-MAF-2","methylmalonyl-CoA-decarboxylaseDelta-KOK23352",89.4
"445","Lachnospira-eligens-ATCC-27750-MAF-2","methylmalonyl-CoA-decarboxylaseGamma-KOK23351",142
"446","Marvinbryantia-formatexigens-DSM-14469-MAF-2","methylmalonyl-CoA-carboxyltransferase1-3S-KOK17490",92.9
"447","Marvinbryantia-formatexigens-DSM-14469-MAF-2","methylmalonyl-CoA-carboxyltransferase5S-KOK03416",529.5
"448","Marvinbryantia-formatexigens-DSM-14469-MAF-2","methylmalonyl-CoA-decarboxylaseAlpha-KOK01604",508
"449","Marvinbryantia-formatexigens-DSM-14469-MAF-2","methylmalonyl-CoA-decarboxylaseBeta-KOK20509",551.8
"450","Marvinbryantia-formatexigens-DSM-14469-MAF-2","methylmalonyl-CoA-decarboxylaseDelta-KOK23352",88.3
"451","Marvinbryantia-formatexigens-DSM-14469-MAF-2","methylmalonyl-CoA-decarboxylaseGamma-KOK23351",124.8
"452","Megasphaera-elsdenii-14-14-MAF-2","methylmalonyl-CoA-carboxyltransferase1-3S-KOK17490",89
"453","Megasphaera-elsdenii-14-14-MAF-2","methylmalonyl-CoA-carboxyltransferase12S-KOK17489",663.4
"454","Megasphaera-elsdenii-14-14-MAF-2","methylmalonyl-CoA-carboxyltransferase5S-KOK03416",534
"455","Megasphaera-elsdenii-14-14-MAF-2","methylmalonyl-CoA-decarboxylaseAlpha-KOK01604",880.5
"456","Megasphaera-elsdenii-14-14-MAF-2","methylmalonyl-CoA-decarboxylaseGamma-KOK23351",140.2
"457","Megasphaera-elsdenii-14-14-MAF-2","methylmalonyl-CoA-epimerase-EC5-1-99-1",127.4
"458","Mitsuokella-multacida-DSM-20544-MAF-2","methylmalonyl-CoA-carboxyltransferase1-3S-KOK17490",99.1
"459","Mitsuokella-multacida-DSM-20544-MAF-2","methylmalonyl-CoA-carboxyltransferase12S-KOK17489",677.3
"460","Mitsuokella-multacida-DSM-20544-MAF-2","methylmalonyl-CoA-decarboxylaseAlpha-KOK01604",889.1
"461","Mitsuokella-multacida-DSM-20544-MAF-2","methylmalonyl-CoA-decarboxylaseGamma-KOK23351",143.5
"462","Parabacteroides-johnsonii-DSM-18315-MAF-2","methylmalonyl-CoA-carboxyltransferase1-3S-KOK17490",89.4
"463","Parabacteroides-johnsonii-DSM-18315-MAF-2","methylmalonyl-CoA-carboxyltransferase12S-KOK17489",645.7
"464","Parabacteroides-johnsonii-DSM-18315-MAF-2","methylmalonyl-CoA-decarboxylaseAlpha-KOK01604",940.7
"465","Parabacteroides-johnsonii-DSM-18315-MAF-2","methylmalonyl-CoA-decarboxylaseBeta-KOK20509",608.9
"466","Parabacteroides-johnsonii-DSM-18315-MAF-2","methylmalonyl-CoA-decarboxylaseDelta-KOK23352",103.6
"467","Parabacteroides-johnsonii-DSM-18315-MAF-2","methylmalonyl-CoA-decarboxylaseGamma-KOK23351",195.9
"468","Parabacteroides-johnsonii-DSM-18315-MAF-2","methylmalonyl-CoA-epimerase-EC5-1-99-1",243.5
"469","Parabacteroides-johnsonii-DSM-18315-MAF-2","methylmalonyl-CoA-mutase-EC5-4-99-2",854.7
"470","Parabacteroides-merdae-ATCC-43184-MAF-2","methylmalonyl-CoA-carboxyltransferase1-3S-KOK17490",88.5
"471","Parabacteroides-merdae-ATCC-43184-MAF-2","methylmalonyl-CoA-carboxyltransferase12S-KOK17489",644.8
"472","Parabacteroides-merdae-ATCC-43184-MAF-2","methylmalonyl-CoA-decarboxylaseAlpha-KOK01604",940.7
"473","Parabacteroides-merdae-ATCC-43184-MAF-2","methylmalonyl-CoA-decarboxylaseBeta-KOK20509",612.1
"474","Parabacteroides-merdae-ATCC-43184-MAF-2","methylmalonyl-CoA-decarboxylaseDelta-KOK23352",96.4
"475","Parabacteroides-merdae-ATCC-43184-MAF-2","methylmalonyl-CoA-decarboxylaseGamma-KOK23351",196.4
"476","Parabacteroides-merdae-ATCC-43184-MAF-2","methylmalonyl-CoA-epimerase-EC5-1-99-1",244.3
"477","Parabacteroides-merdae-ATCC-43184-MAF-2","methylmalonyl-CoA-mutase-EC5-4-99-2",856.3
"478","Parabacteroides-sp-D13-MAF-2","methylmalonyl-CoA-carboxyltransferase1-3S-KOK17490",87.2
"479","Parabacteroides-sp-D13-MAF-2","methylmalonyl-CoA-carboxyltransferase12S-KOK17489",646.2
"480","Parabacteroides-sp-D13-MAF-2","methylmalonyl-CoA-decarboxylaseAlpha-KOK01604",941.3
"481","Parabacteroides-sp-D13-MAF-2","methylmalonyl-CoA-decarboxylaseBeta-KOK20509",610.3
"482","Parabacteroides-sp-D13-MAF-2","methylmalonyl-CoA-decarboxylaseDelta-KOK23352",93.4
"483","Parabacteroides-sp-D13-MAF-2","methylmalonyl-CoA-decarboxylaseGamma-KOK23351",193.7
"484","Parabacteroides-sp-D13-MAF-2","methylmalonyl-CoA-epimerase-EC5-1-99-1",244
"485","Parabacteroides-sp-D13-MAF-2","methylmalonyl-CoA-mutase-EC5-4-99-2",845.1
"486","Phocaeicola_vulgatus","methylmalonyl-CoA-carboxyltransferase1-3S-KOK17490",90.3
"487","Phocaeicola_vulgatus","methylmalonyl-CoA-carboxyltransferase12S-KOK17489",636.3
"488","Phocaeicola_vulgatus","methylmalonyl-CoA-decarboxylaseAlpha-KOK01604",941.8
"489","Phocaeicola_vulgatus","methylmalonyl-CoA-decarboxylaseBeta-KOK20509",613
"490","Phocaeicola_vulgatus","methylmalonyl-CoA-decarboxylaseDelta-KOK23352",91.3
"491","Phocaeicola_vulgatus","methylmalonyl-CoA-decarboxylaseGamma-KOK23351",199.3
"492","Phocaeicola_vulgatus","methylmalonyl-CoA-epimerase-EC5-1-99-1",238.7
"493","Phocaeicola_vulgatus","methylmalonyl-CoA-mutase-EC5-4-99-2",869.8
"494","Prevotella-buccalis-ATCC-35310-MAF-2","methylmalonyl-CoA-carboxyltransferase1-3S-KOK17490",86.3
"495","Prevotella-buccalis-ATCC-35310-MAF-2","methylmalonyl-CoA-carboxyltransferase12S-KOK17489",625.4
"496","Prevotella-buccalis-ATCC-35310-MAF-2","methylmalonyl-CoA-decarboxylaseAlpha-KOK01604",880.6
"497","Prevotella-buccalis-ATCC-35310-MAF-2","methylmalonyl-CoA-decarboxylaseGamma-KOK23351",167.6
"498","Prevotella-copri-DSM-18205-MAF-2","methylmalonyl-CoA-carboxyltransferase1-3S-KOK17490",96.3
"499","Prevotella-copri-DSM-18205-MAF-2","methylmalonyl-CoA-carboxyltransferase12S-KOK17489",632.8
"500","Prevotella-copri-DSM-18205-MAF-2","methylmalonyl-CoA-decarboxylaseAlpha-KOK01604",894.9
"501","Prevotella-copri-DSM-18205-MAF-2","methylmalonyl-CoA-decarboxylaseBeta-KOK20509",595.2
"502","Prevotella-copri-DSM-18205-MAF-2","methylmalonyl-CoA-decarboxylaseDelta-KOK23352",51.6
"503","Prevotella-copri-DSM-18205-MAF-2","methylmalonyl-CoA-decarboxylaseGamma-KOK23351",175.8
"504","Prevotella_ruminicola_strain_KHP1","methylmalonyl-CoA-carboxyltransferase1-3S-KOK17490",99.4
"505","Prevotella_ruminicola_strain_KHP1","methylmalonyl-CoA-carboxyltransferase12S-KOK17489",610.1
"506","Prevotella_ruminicola_strain_KHP1","methylmalonyl-CoA-decarboxylaseAlpha-KOK01604",907.5
"507","Prevotella_ruminicola_strain_KHP1","methylmalonyl-CoA-decarboxylaseBeta-KOK20509",589.1
"508","Prevotella_ruminicola_strain_KHP1","methylmalonyl-CoA-decarboxylaseDelta-KOK23352",59.2
"509","Prevotella_ruminicola_strain_KHP1","methylmalonyl-CoA-decarboxylaseGamma-KOK23351",180.8
"510","Prevotella_ruminicola_strain_KHP1","methylmalonyl-CoA-epimerase-EC5-1-99-1",224.9
"511","Prevotella_ruminicola_strain_KHP1","methylmalonyl-CoA-mutase-EC5-4-99-2",833.7
"512","Propionibacterium_acidipropionici_ATCC_4875","methylmalonyl-CoA-carboxyltransferase1-3S-KOK17490",171.9
"513","Propionibacterium_acidipropionici_ATCC_4875","methylmalonyl-CoA-carboxyltransferase12S-KOK17489",907
"514","Propionibacterium_acidipropionici_ATCC_4875","methylmalonyl-CoA-carboxyltransferase5S-KOK03416",1023.7
"515","Propionibacterium_acidipropionici_ATCC_4875","methylmalonyl-CoA-decarboxylaseAlpha-KOK01604",786.8
"516","Propionibacterium_acidipropionici_ATCC_4875","methylmalonyl-CoA-decarboxylaseBeta-KOK20509",527.9
"517","Propionibacterium_acidipropionici_ATCC_4875","methylmalonyl-CoA-decarboxylaseGamma-KOK23351",124.4
"518","Propionibacterium_acidipropionici_ATCC_4875","methylmalonyl-CoA-epimerase-EC5-1-99-1",182
"519","Propionibacterium_acidipropionici_ATCC_4875","methylmalonyl-CoA-mutase-EC5-4-99-2",769.1
"520","Propionibacterium_acidipropionici_ATCC_55737","methylmalonyl-CoA-carboxyltransferase1-3S-KOK17490",171.9
"521","Propionibacterium_acidipropionici_ATCC_55737","methylmalonyl-CoA-carboxyltransferase12S-KOK17489",906.7
"522","Propionibacterium_acidipropionici_ATCC_55737","methylmalonyl-CoA-carboxyltransferase5S-KOK03416",1023.7
"523","Propionibacterium_acidipropionici_ATCC_55737","methylmalonyl-CoA-decarboxylaseAlpha-KOK01604",787.8
"524","Propionibacterium_acidipropionici_ATCC_55737","methylmalonyl-CoA-decarboxylaseBeta-KOK20509",527.3
"525","Propionibacterium_acidipropionici_ATCC_55737","methylmalonyl-CoA-decarboxylaseGamma-KOK23351",124.4
"526","Propionibacterium_acidipropionici_ATCC_55737","methylmalonyl-CoA-epimerase-EC5-1-99-1",182
"527","Propionibacterium_acidipropionici_ATCC_55737","methylmalonyl-CoA-mutase-EC5-4-99-2",768.3
"528","Propionibacterium_acidipropionici_CGMCC","methylmalonyl-CoA-carboxyltransferase1-3S-KOK17490",171.9
"529","Propionibacterium_acidipropionici_CGMCC","methylmalonyl-CoA-carboxyltransferase12S-KOK17489",906.7
"530","Propionibacterium_acidipropionici_CGMCC","methylmalonyl-CoA-carboxyltransferase5S-KOK03416",1023.7
"531","Propionibacterium_acidipropionici_CGMCC","methylmalonyl-CoA-decarboxylaseAlpha-KOK01604",787.8
"532","Propionibacterium_acidipropionici_CGMCC","methylmalonyl-CoA-decarboxylaseBeta-KOK20509",527.9
"533","Propionibacterium_acidipropionici_CGMCC","methylmalonyl-CoA-decarboxylaseGamma-KOK23351",130
"534","Propionibacterium_acidipropionici_CGMCC","methylmalonyl-CoA-epimerase-EC5-1-99-1",182
"535","Propionibacterium_acidipropionici_CGMCC","methylmalonyl-CoA-mutase-EC5-4-99-2",769.1
"536","Propionibacterium_freudenreichii_shermanii_JS","methylmalonyl-CoA-carboxyltransferase1-3S-KOK17490",173.2
"537","Propionibacterium_freudenreichii_shermanii_JS","methylmalonyl-CoA-carboxyltransferase12S-KOK17489",904.5
"538","Propionibacterium_freudenreichii_shermanii_JS","methylmalonyl-CoA-carboxyltransferase5S-KOK03416",1003.1
"539","Propionibacterium_freudenreichii_shermanii_JS","methylmalonyl-CoA-decarboxylaseAlpha-KOK01604",790.4
"540","Propionibacterium_freudenreichii_shermanii_JS","methylmalonyl-CoA-decarboxylaseGamma-KOK23351",111.4
"541","Propionibacterium_freudenreichii_shermanii_JS","methylmalonyl-CoA-epimerase-EC5-1-99-1",175.7
"542","Propionibacterium_freudenreichii_shermanii_JS","methylmalonyl-CoA-mutase-EC5-4-99-2",776.7
"543","Propionibacterium_freudenreichii_subsp_freudenreichii_strain_20271T","methylmalonyl-CoA-carboxyltransferase1-3S-KOK17490",173.2
"544","Propionibacterium_freudenreichii_subsp_freudenreichii_strain_20271T","methylmalonyl-CoA-carboxyltransferase12S-KOK17489",904.5
"545","Propionibacterium_freudenreichii_subsp_freudenreichii_strain_20271T","methylmalonyl-CoA-carboxyltransferase5S-KOK03416",1003.1
"546","Propionibacterium_freudenreichii_subsp_freudenreichii_strain_20271T","methylmalonyl-CoA-decarboxylaseAlpha-KOK01604",789
"547","Propionibacterium_freudenreichii_subsp_freudenreichii_strain_20271T","methylmalonyl-CoA-decarboxylaseGamma-KOK23351",111.4
"548","Propionibacterium_freudenreichii_subsp_freudenreichii_strain_20271T","methylmalonyl-CoA-epimerase-EC5-1-99-1",175.7
"549","Propionibacterium_freudenreichii_subsp_freudenreichii_strain_20271T","methylmalonyl-CoA-mutase-EC5-4-99-2",776.7
"550","Roseburia-intestinalis-L1-82-MAF-2","methylmalonyl-CoA-carboxyltransferase1-3S-KOK17490",88
"551","Roseburia-intestinalis-L1-82-MAF-2","methylmalonyl-CoA-carboxyltransferase5S-KOK03416",574.8
"552","Roseburia-intestinalis-L1-82-MAF-2","methylmalonyl-CoA-decarboxylaseAlpha-KOK01604",477.7
"553","Roseburia-intestinalis-L1-82-MAF-2","methylmalonyl-CoA-decarboxylaseBeta-KOK20509",553.6
"554","Roseburia-intestinalis-L1-82-MAF-2","methylmalonyl-CoA-decarboxylaseDelta-KOK23352",90.2
"555","Roseburia-intestinalis-L1-82-MAF-2","methylmalonyl-CoA-decarboxylaseGamma-KOK23351",113.4
"556","Roseburia_intestinalis","methylmalonyl-CoA-carboxyltransferase1-3S-KOK17490",88
"557","Roseburia_intestinalis","methylmalonyl-CoA-carboxyltransferase5S-KOK03416",574.8
"558","Roseburia_intestinalis","methylmalonyl-CoA-decarboxylaseAlpha-KOK01604",477.7
"559","Roseburia_intestinalis","methylmalonyl-CoA-decarboxylaseBeta-KOK20509",551.4
"560","Roseburia_intestinalis","methylmalonyl-CoA-decarboxylaseDelta-KOK23352",90.2
"561","Roseburia_intestinalis","methylmalonyl-CoA-decarboxylaseGamma-KOK23351",113.4
"562","Ruminococcus-gauvreauii-DSM-19829-MAF-2","methylmalonyl-CoA-carboxyltransferase1-3S-KOK17490",96.6
"563","Ruminococcus-gauvreauii-DSM-19829-MAF-2","methylmalonyl-CoA-carboxyltransferase5S-KOK03416",544.1
"564","Ruminococcus-gauvreauii-DSM-19829-MAF-2","methylmalonyl-CoA-decarboxylaseAlpha-KOK01604",486.6
"565","Ruminococcus-gauvreauii-DSM-19829-MAF-2","methylmalonyl-CoA-decarboxylaseBeta-KOK20509",552
"566","Ruminococcus-gauvreauii-DSM-19829-MAF-2","methylmalonyl-CoA-decarboxylaseDelta-KOK23352",88.8
"567","Ruminococcus-gauvreauii-DSM-19829-MAF-2","methylmalonyl-CoA-decarboxylaseGamma-KOK23351",123.1
"568","Ruminococcus-lactaris-ATCC-29176-MAF-2","methylmalonyl-CoA-carboxyltransferase1-3S-KOK17490",87.4
"569","Ruminococcus-lactaris-ATCC-29176-MAF-2","methylmalonyl-CoA-carboxyltransferase5S-KOK03416",551.1
"570","Ruminococcus-lactaris-ATCC-29176-MAF-2","methylmalonyl-CoA-decarboxylaseAlpha-KOK01604",512.4
"571","Ruminococcus-lactaris-ATCC-29176-MAF-2","methylmalonyl-CoA-decarboxylaseBeta-KOK20509",557.5
"572","Ruminococcus-lactaris-ATCC-29176-MAF-2","methylmalonyl-CoA-decarboxylaseDelta-KOK23352",110
"573","Ruminococcus-lactaris-ATCC-29176-MAF-2","methylmalonyl-CoA-decarboxylaseGamma-KOK23351",108.9
"574","Ruminococcus-torques-ATCC-27756-MAF-2","methylmalonyl-CoA-carboxyltransferase5S-KOK03416",547.3
"575","Ruminococcus-torques-ATCC-27756-MAF-2","methylmalonyl-CoA-decarboxylaseAlpha-KOK01604",512.7
"576","Ruminococcus-torques-ATCC-27756-MAF-2","methylmalonyl-CoA-decarboxylaseBeta-KOK20509",557.8
"577","Ruminococcus-torques-ATCC-27756-MAF-2","methylmalonyl-CoA-decarboxylaseDelta-KOK23352",96.5
"578","Ruminococcus-torques-ATCC-27756-MAF-2","methylmalonyl-CoA-decarboxylaseGamma-KOK23351",109.7
"579","Ruminococcus_bromii","methylmalonyl-CoA-carboxyltransferase1-3S-KOK17490",105.4
"580","Ruminococcus_bromii","methylmalonyl-CoA-carboxyltransferase5S-KOK03416",569.8
"581","Ruminococcus_bromii","methylmalonyl-CoA-decarboxylaseBeta-KOK20509",570.4
"582","Ruminococcus_bromii","methylmalonyl-CoA-decarboxylaseDelta-KOK23352",79.8
"583","Ruminococcus_bromii","methylmalonyl-CoA-decarboxylaseGamma-KOK23351",130.3
"584","Selenomonas_ruminantium_subsp_lactilytica_TAM6421","methylmalonyl-CoA-carboxyltransferase1-3S-KOK17490",99.3
"585","Selenomonas_ruminantium_subsp_lactilytica_TAM6421","methylmalonyl-CoA-carboxyltransferase12S-KOK17489",680.2
"586","Selenomonas_ruminantium_subsp_lactilytica_TAM6421","methylmalonyl-CoA-decarboxylaseAlpha-KOK01604",897.1
"587","Selenomonas_ruminantium_subsp_lactilytica_TAM6421","methylmalonyl-CoA-decarboxylaseBeta-KOK20509",560.6
"588","Selenomonas_ruminantium_subsp_lactilytica_TAM6421","methylmalonyl-CoA-decarboxylaseDelta-KOK23352",108.8
"589","Selenomonas_ruminantium_subsp_lactilytica_TAM6421","methylmalonyl-CoA-decarboxylaseGamma-KOK23351",146.4
"590","Selenomonas_ruminantium_subsp_lactilytica_TAM6421","methylmalonyl-CoA-epimerase-EC5-1-99-1",200.8
"591","Selenomonas_ruminantium_subsp_lactilytica_TAM6421","methylmalonyl-CoA-mutase-EC5-4-99-2",783.8
"592","Selenomonas_sputigena_ATCC_35185","methylmalonyl-CoA-carboxyltransferase1-3S-KOK17490",104.6
"593","Selenomonas_sputigena_ATCC_35185","methylmalonyl-CoA-carboxyltransferase12S-KOK17489",676.1
"594","Selenomonas_sputigena_ATCC_35185","methylmalonyl-CoA-decarboxylaseAlpha-KOK01604",897.8
"595","Selenomonas_sputigena_ATCC_35185","methylmalonyl-CoA-decarboxylaseBeta-KOK20509",558.1
"596","Selenomonas_sputigena_ATCC_35185","methylmalonyl-CoA-decarboxylaseDelta-KOK23352",104.2
"597","Selenomonas_sputigena_ATCC_35185","methylmalonyl-CoA-decarboxylaseGamma-KOK23351",150.9
"598","Selenomonas_sputigena_ATCC_35185","methylmalonyl-CoA-epimerase-EC5-1-99-1",203.8
"599","Selenomonas_sputigena_ATCC_35185","methylmalonyl-CoA-mutase-EC5-4-99-2",783.5
"600","Subdoligranulum-variabile-DSM-15176-MAF-2","methylmalonyl-CoA-carboxyltransferase1-3S-KOK17490",104.4
"601","Subdoligranulum-variabile-DSM-15176-MAF-2","methylmalonyl-CoA-carboxyltransferase5S-KOK03416",598.6
"602","Subdoligranulum-variabile-DSM-15176-MAF-2","methylmalonyl-CoA-decarboxylaseBeta-KOK20509",557.5
"603","Subdoligranulum-variabile-DSM-15176-MAF-2","methylmalonyl-CoA-decarboxylaseDelta-KOK23352",63
"604","Subdoligranulum-variabile-DSM-15176-MAF-2","methylmalonyl-CoA-decarboxylaseGamma-KOK23351",145.9
"605","Tyzzerella-nexilis-DSM-1787-MAF-2","methylmalonyl-CoA-carboxyltransferase1-3S-KOK17490",89.8
"606","Tyzzerella-nexilis-DSM-1787-MAF-2","methylmalonyl-CoA-carboxyltransferase5S-KOK03416",543.9
"607","Tyzzerella-nexilis-DSM-1787-MAF-2","methylmalonyl-CoA-decarboxylaseAlpha-KOK01604",528.8
"608","Tyzzerella-nexilis-DSM-1787-MAF-2","methylmalonyl-CoA-decarboxylaseBeta-KOK20509",553.9
"609","Tyzzerella-nexilis-DSM-1787-MAF-2","methylmalonyl-CoA-decarboxylaseDelta-KOK23352",99.6
"610","Tyzzerella-nexilis-DSM-1787-MAF-2","methylmalonyl-CoA-decarboxylaseGamma-KOK23351",117.9
"611","Veillonella-sp-3-1-44-MAF-2","methylmalonyl-CoA-carboxyltransferase1-3S-KOK17490",98.1
"612","Veillonella-sp-3-1-44-MAF-2","methylmalonyl-CoA-carboxyltransferase12S-KOK17489",676.6
"613","Veillonella-sp-3-1-44-MAF-2","methylmalonyl-CoA-carboxyltransferase5S-KOK03416",527.1
"614","Veillonella-sp-3-1-44-MAF-2","methylmalonyl-CoA-decarboxylaseAlpha-KOK01604",889.6
"615","Veillonella-sp-3-1-44-MAF-2","methylmalonyl-CoA-decarboxylaseBeta-KOK20509",562.4
"616","Veillonella-sp-3-1-44-MAF-2","methylmalonyl-CoA-decarboxylaseDelta-KOK23352",107.9
"617","Veillonella-sp-3-1-44-MAF-2","methylmalonyl-CoA-decarboxylaseGamma-KOK23351",150.1
"618","Veillonella-sp-3-1-44-MAF-2","methylmalonyl-CoA-epimerase-EC5-1-99-1",205.5
"619","Veillonella-sp-3-1-44-MAF-2","methylmalonyl-CoA-mutase-EC5-4-99-2",803.3
"620","Veillonella-sp-6-1-27-MAF-2","methylmalonyl-CoA-carboxyltransferase1-3S-KOK17490",98.1
"621","Veillonella-sp-6-1-27-MAF-2","methylmalonyl-CoA-carboxyltransferase12S-KOK17489",677.8
"622","Veillonella-sp-6-1-27-MAF-2","methylmalonyl-CoA-carboxyltransferase5S-KOK03416",526.2
"623","Veillonella-sp-6-1-27-MAF-2","methylmalonyl-CoA-decarboxylaseAlpha-KOK01604",889.4
"624","Veillonella-sp-6-1-27-MAF-2","methylmalonyl-CoA-decarboxylaseBeta-KOK20509",562.7
"625","Veillonella-sp-6-1-27-MAF-2","methylmalonyl-CoA-decarboxylaseDelta-KOK23352",106.5
"626","Veillonella-sp-6-1-27-MAF-2","methylmalonyl-CoA-decarboxylaseGamma-KOK23351",150.1
"627","Veillonella-sp-6-1-27-MAF-2","methylmalonyl-CoA-epimerase-EC5-1-99-1",205.5
"628","Veillonella-sp-6-1-27-MAF-2","methylmalonyl-CoA-mutase-EC5-4-99-2",803.3
"629","Veillonella_parvula_strain_NCTC11810","methylmalonyl-CoA-carboxyltransferase1-3S-KOK17490",98.1
"630","Veillonella_parvula_strain_NCTC11810","methylmalonyl-CoA-carboxyltransferase12S-KOK17489",675.1
"631","Veillonella_parvula_strain_NCTC11810","methylmalonyl-CoA-carboxyltransferase5S-KOK03416",525
"632","Veillonella_parvula_strain_NCTC11810","methylmalonyl-CoA-decarboxylaseAlpha-KOK01604",889.1
"633","Veillonella_parvula_strain_NCTC11810","methylmalonyl-CoA-decarboxylaseBeta-KOK20509",562.7
"634","Veillonella_parvula_strain_NCTC11810","methylmalonyl-CoA-decarboxylaseDelta-KOK23352",106.8
"635","Veillonella_parvula_strain_NCTC11810","methylmalonyl-CoA-decarboxylaseGamma-KOK23351",150.1
"636","Veillonella_parvula_strain_NCTC11810","methylmalonyl-CoA-epimerase-EC5-1-99-1",205.5
"637","Veillonella_parvula_strain_NCTC11810","methylmalonyl-CoA-mutase-EC5-4-99-2",803.3
