"","strain","gene","hit_score"
"1","Acidaminococcus-intestini-D21-MAF-2","Roseburia-inulivorans-pduCDE",91.6
"2","Acidaminococcus-intestini-D21-MAF-2","fucO",95.9
"3","Acidaminococcus-intestini-D21-MAF-2","pduP",58.3
"4","Acidaminococcus-intestini-D21-MAF-2","pduW",55
"5","Acidipropionibacterium_acidipropionici_F3E8","fucO",153.6
"6","Acidipropionibacterium_acidipropionici_F3E8","pduP",567.8
"7","Acidipropionibacterium_acidipropionici_FAM_19036","fucO",151.1
"8","Acidipropionibacterium_acidipropionici_FAM_19036","pduP",567.8
"9","Acidipropionibacterium_acidipropionici_WSH1105","fucO",153.4
"10","Acidipropionibacterium_acidipropionici_WSH1105","pduP",570.1
"11","Acidipropionibacterium_acidipropionici_strain_WGS7","fucO",153.6
"12","Acidipropionibacterium_acidipropionici_strain_WGS7","pduP",567.8
"13","Actinobacillus_capsulatus","Roseburia-inulivorans-pduCDE",33.1
"14","Actinomyces_neuii","Roseburia-inulivorans-pduCDE",80.3
"15","Aggregatibacter_actinomycetemcomitans","Roseburia-inulivorans-pduCDE",36.5
"16","Akkermansia_muciniphila","Roseburia-inulivorans-pduCDE",813.4
"17","Akkermansia_muciniphila","fucO",151.8
"18","Akkermansia_muciniphila","pduP",37.6
"19","Aliagarivorans_marinus","Roseburia-inulivorans-pduCDE",34.9
"20","Alistipes-ihumii-AP11-MAF-2","fucO",70.5
"21","Alistipes-ihumii-AP11-MAF-2","pduP",32
"22","Alistipes-ihumii-AP11-MAF-2","pduW",479.6
"23","Alistipes-indistinctus-YIT-12060-MAF-2","fucO",575.1
"24","Alistipes-indistinctus-YIT-12060-MAF-2","pduP",42.4
"25","Alistipes-indistinctus-YIT-12060-MAF-2","pduW",469.1
"26","Alistipes-onderdonkii-DSM-19147-MAF-2","Roseburia-inulivorans-pduCDE",803.8
"27","Alistipes-onderdonkii-DSM-19147-MAF-2","fucO",64.6
"28","Alistipes-onderdonkii-DSM-19147-MAF-2","pduW",51.2
"29","Alistipes-putredinis-DSM-17216-MAF-2","fucO",72.7
"30","Alistipes-putredinis-DSM-17216-MAF-2","pduW",49
"31","Alistipes-senegalensis-JC50-MAF-2","Roseburia-inulivorans-pduCDE",809.1
"32","Alistipes-senegalensis-JC50-MAF-2","fucO",569.8
"33","Alistipes-senegalensis-JC50-MAF-2","pduW",452.6
"34","Alistipes-shahii-WAL-8301-MAF-2","Roseburia-inulivorans-pduCDE",762.6
"35","Alistipes-shahii-WAL-8301-MAF-2","fucO",60.9
"36","Alistipes-shahii-WAL-8301-MAF-2","pduP",32.7
"37","Alistipes-shahii-WAL-8301-MAF-2","pduW",52.1
"38","Alistipes_finegoldii","Roseburia-inulivorans-pduCDE",141.6
"39","Alloscardovia_omnicolens","Roseburia-inulivorans-pduCDE",103.5
"40","Anaerobutyricum_hallii","Roseburia-inulivorans-pduCDE",699
"41","Anaerobutyricum_hallii","fucO",598
"42","Anaerobutyricum_hallii","pduC",914.2
"43","Anaerobutyricum_hallii","pduD",304.2
"44","Anaerobutyricum_hallii","pduE",177
"45","Anaerobutyricum_hallii","pduP",616.9
"46","Anaerobutyricum_hallii","pduW",478.3
"47","Anaerostipes-caccae-DSM-14662-MAF-2","Roseburia-inulivorans-pduCDE",906.2
"48","Anaerostipes-caccae-DSM-14662-MAF-2","fucO",98.1
"49","Anaerostipes-caccae-DSM-14662-MAF-2","pduP",54.9
"50","Anaerostipes-caccae-DSM-14662-MAF-2","pduW",473.7
"51","Anaerostipes_hadrus","Roseburia-inulivorans-pduCDE",592.6
"52","Anaerotruncus-colihominis-DSM-17241-MAF-2","fucO",87.3
"53","Anaerotruncus-colihominis-DSM-17241-MAF-2","pduL",190.4
"54","Anaerotruncus-colihominis-DSM-17241-MAF-2","pduP",52.5
"55","Anaerotruncus-colihominis-DSM-17241-MAF-2","pduW",50.9
"56","Bacteroides-caccae-ATCC-43185-MAF-2","Roseburia-inulivorans-pduCDE",783.5
"57","Bacteroides-caccae-ATCC-43185-MAF-2","fucO",71.6
"58","Bacteroides-caccae-ATCC-43185-MAF-2","pduW",454.9
"59","Bacteroides-cellulosilyticus-DSM-14838-MAF-2","Roseburia-inulivorans-pduCDE",742.8
"60","Bacteroides-cellulosilyticus-DSM-14838-MAF-2","fucO",93.5
"61","Bacteroides-cellulosilyticus-DSM-14838-MAF-2","pduW",455.1
"62","Bacteroides-coprophilus-DSM-18228-MAF-2","Roseburia-inulivorans-pduCDE",766.5
"63","Bacteroides-coprophilus-DSM-18228-MAF-2","fucO",564.1
"64","Bacteroides-coprophilus-DSM-18228-MAF-2","pduW",464.8
"65","Bacteroides-dorei-5-1-36-D4-MAF-2","Roseburia-inulivorans-pduCDE",678.1
"66","Bacteroides-dorei-5-1-36-D4-MAF-2","fucO",84.8
"67","Bacteroides-dorei-5-1-36-D4-MAF-2","pduP",33.8
"68","Bacteroides-dorei-5-1-36-D4-MAF-2","pduW",46.2
"69","Bacteroides-dorei-DSM-17855-MAF-2","Roseburia-inulivorans-pduCDE",678.5
"70","Bacteroides-dorei-DSM-17855-MAF-2","fucO",67.3
"71","Bacteroides-dorei-DSM-17855-MAF-2","pduP",34.6
"72","Bacteroides-dorei-DSM-17855-MAF-2","pduW",46.2
"73","Bacteroides-eggerthii-DSM-20697-MAF-2","Roseburia-inulivorans-pduCDE",754.6
"74","Bacteroides-eggerthii-DSM-20697-MAF-2","fucO",92.8
"75","Bacteroides-eggerthii-DSM-20697-MAF-2","pduW",467.8
"76","Bacteroides-finegoldii-DSM-17565-MAF-2","Roseburia-inulivorans-pduCDE",776.9
"77","Bacteroides-finegoldii-DSM-17565-MAF-2","fucO",68.8
"78","Bacteroides-finegoldii-DSM-17565-MAF-2","pduW",423.6
"79","Bacteroides-fragilis-2-1-16-MAF-2","Roseburia-inulivorans-pduCDE",932.5
"80","Bacteroides-fragilis-2-1-16-MAF-2","fucO",68.1
"81","Bacteroides-fragilis-2-1-16-MAF-2","pduW",457.5
"82","Bacteroides-fragilis-3-1-12-MAF-2","Roseburia-inulivorans-pduCDE",860
"83","Bacteroides-fragilis-3-1-12-MAF-2","fucO",65.9
"84","Bacteroides-fragilis-3-1-12-MAF-2","pduW",454.8
"85","Bacteroides-intestinalis-DSM-17393-MAF-2","Roseburia-inulivorans-pduCDE",743
"86","Bacteroides-intestinalis-DSM-17393-MAF-2","fucO",99.8
"87","Bacteroides-intestinalis-DSM-17393-MAF-2","pduW",456.4
"88","Bacteroides-ovatus-ATCC-8483-MAF-2","Roseburia-inulivorans-pduCDE",781.5
"89","Bacteroides-ovatus-ATCC-8483-MAF-2","fucO",69
"90","Bacteroides-ovatus-ATCC-8483-MAF-2","pduW",452
"91","Bacteroides-pectinophilus-ATCC-43243-MAF-2","Roseburia-inulivorans-pduCDE",806.6
"92","Bacteroides-pectinophilus-ATCC-43243-MAF-2","fucO",610.9
"93","Bacteroides-pectinophilus-ATCC-43243-MAF-2","pduP",30.8
"94","Bacteroides-pectinophilus-ATCC-43243-MAF-2","pduW",430.9
"95","Bacteroides-plebeius-DSM-17135-MAF-2","Roseburia-inulivorans-pduCDE",752.1
"96","Bacteroides-plebeius-DSM-17135-MAF-2","fucO",567.2
"97","Bacteroides-plebeius-DSM-17135-MAF-2","pduP",13.4
"98","Bacteroides-plebeius-DSM-17135-MAF-2","pduW",464.5
"99","Bacteroides-rodentium-JCM-16496-MAF-2","Roseburia-inulivorans-pduCDE",751.7
"100","Bacteroides-rodentium-JCM-16496-MAF-2","fucO",109.2
"101","Bacteroides-rodentium-JCM-16496-MAF-2","pduW",466.3
"102","Bacteroides-sp-3-1-19-MAF-2","Roseburia-inulivorans-pduCDE",864.5
"103","Bacteroides-sp-3-1-19-MAF-2","fucO",76.1
"104","Bacteroides-sp-3-1-19-MAF-2","pduP",43.7
"105","Bacteroides-sp-3-1-19-MAF-2","pduW",456.7
"106","Bacteroides-sp-9-1-42FAA-MAF-2","Roseburia-inulivorans-pduCDE",677.9
"107","Bacteroides-sp-9-1-42FAA-MAF-2","fucO",67.3
"108","Bacteroides-sp-9-1-42FAA-MAF-2","pduP",33.8
"109","Bacteroides-sp-9-1-42FAA-MAF-2","pduW",46.8
"110","Bacteroides-sp-D2-MAF-2","Roseburia-inulivorans-pduCDE",789.6
"111","Bacteroides-sp-D2-MAF-2","fucO",69
"112","Bacteroides-sp-D2-MAF-2","pduW",455.3
"113","Bacteroides-stercoris-ATCC-43183-MAF-2","Roseburia-inulivorans-pduCDE",766.7
"114","Bacteroides-stercoris-ATCC-43183-MAF-2","fucO",554.5
"115","Bacteroides-stercoris-ATCC-43183-MAF-2","pduW",461
"116","Bacteroides-thetaiotaomicron-1-1-6-MAF-2","Roseburia-inulivorans-pduCDE",821.8
"117","Bacteroides-thetaiotaomicron-1-1-6-MAF-2","fucO",68.5
"118","Bacteroides-thetaiotaomicron-1-1-6-MAF-2","pduW",46
"119","Bacteroides-thetaiotaomicron-VPI-5482-MAF-2","Roseburia-inulivorans-pduCDE",821.8
"120","Bacteroides-thetaiotaomicron-VPI-5482-MAF-2","fucO",69.2
"121","Bacteroides-thetaiotaomicron-VPI-5482-MAF-2","pduW",46
"122","Bacteroides-uniformis-ATCC-8492-MAF-2","Roseburia-inulivorans-pduCDE",743.5
"123","Bacteroides-uniformis-ATCC-8492-MAF-2","fucO",554.6
"124","Bacteroides-uniformis-ATCC-8492-MAF-2","pduW",466.8
"125","Bacteroides-xylanisolvens-SD-CC-1b-MAF-2","Roseburia-inulivorans-pduCDE",780.7
"126","Bacteroides-xylanisolvens-SD-CC-1b-MAF-2","fucO",68.8
"127","Bacteroides-xylanisolvens-SD-CC-1b-MAF-2","pduW",451.7
"128","Bacteroides_acidifaciens","Roseburia-inulivorans-pduCDE",147.1
"129","Bacteroides_clarus","Roseburia-inulivorans-pduCDE",135
"130","Bacteroides_faecis","Roseburia-inulivorans-pduCDE",151.9
"131","Bacteroides_fragilis","Roseburia-inulivorans-pduCDE",932.5
"132","Bacteroides_fragilis","fucO",68.1
"133","Bacteroides_fragilis","pduW",457.5
"134","Bacteroides_gallinarum","Roseburia-inulivorans-pduCDE",137.2
"135","Bacteroides_nordii","Roseburia-inulivorans-pduCDE",141
"136","Bacteroides_salanitronis","Roseburia-inulivorans-pduCDE",139.6
"137","Bacteroides_thetaiotaomicron","Roseburia-inulivorans-pduCDE",821.8
"138","Bacteroides_thetaiotaomicron","fucO",69.2
"139","Bacteroides_thetaiotaomicron","pduW",46
"140","Bifidobacterium-adolescentis-L2-32-MAF-2","Roseburia-inulivorans-pduCDE",782.2
"141","Bifidobacterium-adolescentis-L2-32-MAF-2","fucO",545.2
"142","Bifidobacterium-adolescentis-L2-32-MAF-2","pduP",51.5
"143","Bifidobacterium-adolescentis-L2-32-MAF-2","pduW",354.1
"144","Bifidobacterium_adolescentis","Roseburia-inulivorans-pduCDE",782.2
"145","Bifidobacterium_adolescentis","fucO",544.5
"146","Bifidobacterium_adolescentis","pduP",50
"147","Bifidobacterium_adolescentis","pduW",352.7
"148","Bifidobacterium_longum","Roseburia-inulivorans-pduCDE",787.3
"149","Bifidobacterium_longum","fucO",547.3
"150","Bifidobacterium_longum","pduP",37.2
"151","Bifidobacterium_longum","pduW",362.6
"152","Blautia-hansenii-DSM-20583-MAF-2","Roseburia-inulivorans-pduCDE",725.9
"153","Blautia-hansenii-DSM-20583-MAF-2","fucO",267.7
"154","Blautia-hansenii-DSM-20583-MAF-2","pduL",183.8
"155","Blautia-hansenii-DSM-20583-MAF-2","pduP",39
"156","Blautia-hansenii-DSM-20583-MAF-2","pduW",441.7
"157","Blautia-hydrogenotrophica-DSM-10507-MAF-2","Roseburia-inulivorans-pduCDE",1375.5
"158","Blautia-hydrogenotrophica-DSM-10507-MAF-2","fucO",80.6
"159","Blautia-hydrogenotrophica-DSM-10507-MAF-2","pduP",42.2
"160","Blautia-hydrogenotrophica-DSM-10507-MAF-2","pduW",51.7
"161","Blautia-obeum-ATCC-29174-MAF-2","Roseburia-inulivorans-pduCDE",927.7
"162","Blautia-obeum-ATCC-29174-MAF-2","fucO",237.3
"163","Blautia-obeum-ATCC-29174-MAF-2","pduC",879.1
"164","Blautia-obeum-ATCC-29174-MAF-2","pduD",224.3
"165","Blautia-obeum-ATCC-29174-MAF-2","pduE",132.5
"166","Blautia-obeum-ATCC-29174-MAF-2","pduL",210
"167","Blautia-obeum-ATCC-29174-MAF-2","pduP",545.4
"168","Blautia-obeum-ATCC-29174-MAF-2","pduW",458.8
"169","Blautia-sp-KLE-1732-MAF-2","Roseburia-inulivorans-pduCDE",934.7
"170","Blautia-sp-KLE-1732-MAF-2","fucO",269.6
"171","Blautia-sp-KLE-1732-MAF-2","pduL",210.6
"172","Blautia-sp-KLE-1732-MAF-2","pduP",543.5
"173","Blautia-sp-KLE-1732-MAF-2","pduW",449.3
"174","Blautia-wexlerae-DSM-19850-MAF-2","Roseburia-inulivorans-pduCDE",741.1
"175","Blautia-wexlerae-DSM-19850-MAF-2","fucO",599.3
"176","Blautia-wexlerae-DSM-19850-MAF-2","pduL",207
"177","Blautia-wexlerae-DSM-19850-MAF-2","pduP",536.3
"178","Blautia-wexlerae-DSM-19850-MAF-2","pduW",457.9
"179","Butyricimonas-virosa-DSM-23226-MAF-2","fucO",77.4
"180","Butyricimonas-virosa-DSM-23226-MAF-2","pduP",37.9
"181","Butyricimonas-virosa-DSM-23226-MAF-2","pduW",474.9
"182","Butyrivibrio-crossotus-DSM-2876-MAF-2","Roseburia-inulivorans-pduCDE",819.6
"183","Butyrivibrio-crossotus-DSM-2876-MAF-2","fucO",27.5
"184","Butyrivibrio-crossotus-DSM-2876-MAF-2","pduP",42.2
"185","Butyrivibrio-crossotus-DSM-2876-MAF-2","pduW",52.8
"186","Catenibacterium-mitsuokai-DSM-15897-MAF-2","Roseburia-inulivorans-pduCDE",708.6
"187","Catenibacterium-mitsuokai-DSM-15897-MAF-2","fucO",596.3
"188","Catenibacterium-mitsuokai-DSM-15897-MAF-2","pduL",189.2
"189","Catenibacterium-mitsuokai-DSM-15897-MAF-2","pduP",25.7
"190","Catenibacterium-mitsuokai-DSM-15897-MAF-2","pduW",497.4
"191","Clostridium-scindens-ATCC-35704-MAF-2","Roseburia-inulivorans-pduCDE",824.3
"192","Clostridium-scindens-ATCC-35704-MAF-2","fucO",92.3
"193","Clostridium-scindens-ATCC-35704-MAF-2","pduL",208.5
"194","Clostridium-scindens-ATCC-35704-MAF-2","pduP",34.5
"195","Clostridium-scindens-ATCC-35704-MAF-2","pduW",477.9
"196","Clostridium-sp-M62-1-MAF-2","Roseburia-inulivorans-pduCDE",516.5
"197","Clostridium-sp-M62-1-MAF-2","fucO",259.1
"198","Clostridium-sp-M62-1-MAF-2","pduP",35.2
"199","Clostridium-sp-M62-1-MAF-2","pduW",500.3
"200","Clostridium-spiroforme-DSM-1552-MAF-2","Roseburia-inulivorans-pduCDE",823.5
"201","Clostridium-spiroforme-DSM-1552-MAF-2","fucO",93.3
"202","Clostridium-spiroforme-DSM-1552-MAF-2","pduL",208.5
"203","Clostridium-spiroforme-DSM-1552-MAF-2","pduP",29.9
"204","Clostridium-spiroforme-DSM-1552-MAF-2","pduW",522.6
"205","Collinsella-stercoris-DSM-13279-MAF-2","Roseburia-inulivorans-pduCDE",691.8
"206","Collinsella-stercoris-DSM-13279-MAF-2","fucO",522.6
"207","Collinsella-stercoris-DSM-13279-MAF-2","pduP",29.5
"208","Collinsella-stercoris-DSM-13279-MAF-2","pduW",364.4
"209","Collinsella_aerofaciens","Roseburia-inulivorans-pduCDE",665.7
"210","Collinsella_aerofaciens","fucO",534.1
"211","Collinsella_aerofaciens","pduE",13.9
"212","Collinsella_aerofaciens","pduP",43.4
"213","Collinsella_aerofaciens","pduW",381
"214","Coprococcus-comes-ATCC-27758-MAF-2","Roseburia-inulivorans-pduCDE",740.4
"215","Coprococcus-comes-ATCC-27758-MAF-2","fucO",601
"216","Coprococcus-comes-ATCC-27758-MAF-2","pduC",17.5
"217","Coprococcus-comes-ATCC-27758-MAF-2","pduP",56.2
"218","Coprococcus-comes-ATCC-27758-MAF-2","pduW",56.8
"219","Coprococcus-eutactus-ATCC-27759-MAF-2","Roseburia-inulivorans-pduCDE",863.4
"220","Coprococcus-eutactus-ATCC-27759-MAF-2","fucO",90.8
"221","Coprococcus-eutactus-ATCC-27759-MAF-2","pduD",13.2
"222","Coprococcus-eutactus-ATCC-27759-MAF-2","pduW",58.6
"223","Desulfovibrio_piger","Roseburia-inulivorans-pduCDE",1246.1
"224","Desulfovibrio_piger","fucO",81.1
"225","Desulfovibrio_piger","pduP",54.5
"226","Desulfovibrio_piger","pduW",424.7
"227","Dorea-formicigenerans-ATCC-27755-MAF-2","Roseburia-inulivorans-pduCDE",717.2
"228","Dorea-formicigenerans-ATCC-27755-MAF-2","fucO",97
"229","Dorea-formicigenerans-ATCC-27755-MAF-2","pduL",209.3
"230","Dorea-formicigenerans-ATCC-27755-MAF-2","pduP",38.1
"231","Dorea-formicigenerans-ATCC-27755-MAF-2","pduW",485.1
"232","Dorea-longicatena-DSM-13814-MAF-2","Roseburia-inulivorans-pduCDE",73.5
"233","Dorea-longicatena-DSM-13814-MAF-2","fucO",93.8
"234","Dorea-longicatena-DSM-13814-MAF-2","pduP",47.3
"235","Dorea-longicatena-DSM-13814-MAF-2","pduW",440.5
"236","Dysgonomonas_capnocytophagoides","Roseburia-inulivorans-pduCDE",157.5
"237","Eisenbergiella_tayi","Roseburia-inulivorans-pduCDE",99.9
"238","Enterobacter_asburiae","Roseburia-inulivorans-pduCDE",506.7
"239","Enterobacter_cloacae","Roseburia-inulivorans-pduCDE",508.6
"240","Enterocloster-asparagiformis-DSM-15981-MAF-2","Roseburia-inulivorans-pduCDE",957.5
"241","Enterocloster-asparagiformis-DSM-15981-MAF-2","fucO",97.9
"242","Enterocloster-asparagiformis-DSM-15981-MAF-2","pduL",208
"243","Enterocloster-asparagiformis-DSM-15981-MAF-2","pduP",495
"244","Enterocloster-asparagiformis-DSM-15981-MAF-2","pduW",452.8
"245","Enterocloster-bolteae-ATCC-BAA-613-MAF-2","Roseburia-inulivorans-pduCDE",998.9
"246","Enterocloster-bolteae-ATCC-BAA-613-MAF-2","fucO",98.8
"247","Enterocloster-bolteae-ATCC-BAA-613-MAF-2","pduL",215.8
"248","Enterocloster-bolteae-ATCC-BAA-613-MAF-2","pduP",592.4
"249","Enterocloster-bolteae-ATCC-BAA-613-MAF-2","pduW",59.9
"250","Enterococcus_casseliflavus","Roseburia-inulivorans-pduCDE",561.2
"251","Enterococcus_durans","Roseburia-inulivorans-pduCDE",140.3
"252","Enterococcus_faecalis","Roseburia-inulivorans-pduCDE",150.4
"253","Enterococcus_faecium","Roseburia-inulivorans-pduCDE",138.2
"254","Enterococcus_gallinarum","Roseburia-inulivorans-pduCDE",75.6
"255","Enterovibrio_nigricans","Roseburia-inulivorans-pduCDE",39.6
"256","Erysipelatoclostridium_ramosum","Roseburia-inulivorans-pduCDE",600.3
"257","Escherichia_coli","Roseburia-inulivorans-pduCDE",94
"258","Escherichia_coli","fucO",93.1
"259","Escherichia_coli","pduP",528.9
"260","Escherichia_coli","pduW",413.4
"261","Eubacterium-siraeum-DSM-15702-MAF-2","Roseburia-inulivorans-pduCDE",793.8
"262","Eubacterium-siraeum-DSM-15702-MAF-2","fucO",589.4
"263","Eubacterium-siraeum-DSM-15702-MAF-2","pduL",196.1
"264","Eubacterium-siraeum-DSM-15702-MAF-2","pduP",41.6
"265","Eubacterium-siraeum-DSM-15702-MAF-2","pduW",449.7
"266","Eubacterium-ventriosum-ATCC-27560-MAF-2","Roseburia-inulivorans-pduCDE",683.6
"267","Eubacterium-ventriosum-ATCC-27560-MAF-2","fucO",83.8
"268","Eubacterium-ventriosum-ATCC-27560-MAF-2","pduP",36.2
"269","Eubacterium-ventriosum-ATCC-27560-MAF-2","pduW",65
"270","Eubacterium_eligens","Roseburia-inulivorans-pduCDE",811.1
"271","Eubacterium_eligens","fucO",614
"272","Eubacterium_eligens","pduP",37.6
"273","Eubacterium_eligens","pduW",429.5
"274","Eubacterium_rectale","Roseburia-inulivorans-pduCDE",828.6
"275","Eubacterium_rectale","fucO",609.2
"276","Eubacterium_rectale","pduW",473.5
"277","Faecalibacterium_prausnitzii","Roseburia-inulivorans-pduCDE",809.1
"278","Faecalibacterium_prausnitzii","fucO",548.9
"279","Faecalibacterium_prausnitzii","pduW",507.7
"280","Fusicatenibacter_saccharivorans","Roseburia-inulivorans-pduCDE",148.5
"281","Gallibacterium_anatis","Roseburia-inulivorans-pduCDE",36.5
"282","Granulicatella-adiacens-ATCC-49175-MAF-2","Roseburia-inulivorans-pduCDE",818.4
"283","Granulicatella-adiacens-ATCC-49175-MAF-2","fucO",58
"284","Granulicatella-adiacens-ATCC-49175-MAF-2","pduP",183.1
"285","Granulicatella-adiacens-ATCC-49175-MAF-2","pduW",511.2
"286","Intestinibacter-bartlettii-DSM-16795-MAF-2","Roseburia-inulivorans-pduCDE",726.9
"287","Intestinibacter-bartlettii-DSM-16795-MAF-2","fucO",273.9
"288","Intestinibacter-bartlettii-DSM-16795-MAF-2","pduL",203
"289","Intestinibacter-bartlettii-DSM-16795-MAF-2","pduP",49.8
"290","Intestinibacter-bartlettii-DSM-16795-MAF-2","pduW",63.3
"291","Lachnospira-eligens-ATCC-27750-MAF-2","Roseburia-inulivorans-pduCDE",811.1
"292","Lachnospira-eligens-ATCC-27750-MAF-2","fucO",614
"293","Lachnospira-eligens-ATCC-27750-MAF-2","pduP",37.6
"294","Lachnospira-eligens-ATCC-27750-MAF-2","pduW",429.5
"295","Lactobacillus-ruminis-ATCC-25644-MAF-2","Roseburia-inulivorans-pduCDE",787.7
"296","Lactobacillus-ruminis-ATCC-25644-MAF-2","fucO",174.8
"297","Lactobacillus-ruminis-ATCC-25644-MAF-2","pduE",12.5
"298","Lactobacillus-ruminis-ATCC-25644-MAF-2","pduP",53.7
"299","Lactobacillus-ruminis-ATCC-25644-MAF-2","pduW",498
"300","Lactococcus-lactis-IL1403-MAF-2","Roseburia-inulivorans-pduCDE",697.5
"301","Lactococcus-lactis-IL1403-MAF-2","fucO",177.5
"302","Lactococcus-lactis-IL1403-MAF-2","pduP",41.8
"303","Lactococcus-lactis-IL1403-MAF-2","pduW",501.9
"304","Marvinbryantia-formatexigens-DSM-14469-MAF-2","fucO",294.9
"305","Marvinbryantia-formatexigens-DSM-14469-MAF-2","pduD",15.3
"306","Marvinbryantia-formatexigens-DSM-14469-MAF-2","pduL",209.4
"307","Marvinbryantia-formatexigens-DSM-14469-MAF-2","pduP",62.1
"308","Marvinbryantia-formatexigens-DSM-14469-MAF-2","pduW",467.6
"309","Megasphaera-elsdenii-14-14-MAF-2","Roseburia-inulivorans-pduCDE",1520.4
"310","Megasphaera-elsdenii-14-14-MAF-2","fucO",96.2
"311","Megasphaera-elsdenii-14-14-MAF-2","pduD",14
"312","Megasphaera-elsdenii-14-14-MAF-2","pduP",36
"313","Megasphaera-elsdenii-14-14-MAF-2","pduW",510.7
"314","Microvirgula_aerodenitrificans","Roseburia-inulivorans-pduCDE",25.8
"315","Mitsuokella-multacida-DSM-20544-MAF-2","Roseburia-inulivorans-pduCDE",850.7
"316","Mitsuokella-multacida-DSM-20544-MAF-2","fucO",357.2
"317","Mitsuokella-multacida-DSM-20544-MAF-2","pduP",29.4
"318","Parabacteroides-johnsonii-DSM-18315-MAF-2","Roseburia-inulivorans-pduCDE",722.8
"319","Parabacteroides-johnsonii-DSM-18315-MAF-2","fucO",99
"320","Parabacteroides-johnsonii-DSM-18315-MAF-2","pduP",41.9
"321","Parabacteroides-johnsonii-DSM-18315-MAF-2","pduW",441.8
"322","Parabacteroides-merdae-ATCC-43184-MAF-2","Roseburia-inulivorans-pduCDE",746.4
"323","Parabacteroides-merdae-ATCC-43184-MAF-2","fucO",78.7
"324","Parabacteroides-merdae-ATCC-43184-MAF-2","pduP",39.4
"325","Parabacteroides-merdae-ATCC-43184-MAF-2","pduW",444.1
"326","Parabacteroides-sp-D13-MAF-2","Roseburia-inulivorans-pduCDE",638.1
"327","Parabacteroides-sp-D13-MAF-2","fucO",77.8
"328","Parabacteroides-sp-D13-MAF-2","pduP",43.6
"329","Parabacteroides-sp-D13-MAF-2","pduW",456.7
"330","Phocaeicola_vulgatus","Roseburia-inulivorans-pduCDE",679.8
"331","Phocaeicola_vulgatus","fucO",85.2
"332","Phocaeicola_vulgatus","pduP",32.9
"333","Phocaeicola_vulgatus","pduW",46.4
"334","Prevotella-buccalis-ATCC-35310-MAF-2","pduW",51.8
"335","Prevotella-copri-DSM-18205-MAF-2","Roseburia-inulivorans-pduCDE",803.7
"336","Prevotella-copri-DSM-18205-MAF-2","pduW",463.7
"337","Prevotella_ruminicola_strain_KHP1","Roseburia-inulivorans-pduCDE",828.4
"338","Prevotella_ruminicola_strain_KHP1","fucO",103.3
"339","Prevotella_ruminicola_strain_KHP1","pduW",47.2
"340","Propionibacterium_acidipropionici_ATCC_4875","fucO",153.4
"341","Propionibacterium_acidipropionici_ATCC_4875","pduP",567.8
"342","Propionibacterium_acidipropionici_ATCC_55737","fucO",153.6
"343","Propionibacterium_acidipropionici_ATCC_55737","pduP",567.8
"344","Propionibacterium_acidipropionici_CGMCC","fucO",153.4
"345","Propionibacterium_acidipropionici_CGMCC","pduP",570.1
"346","Propionibacterium_freudenreichii_shermanii_JS","fucO",209.8
"347","Propionibacterium_freudenreichii_shermanii_JS","pduC",968.5
"348","Propionibacterium_freudenreichii_shermanii_JS","pduD",278.4
"349","Propionibacterium_freudenreichii_shermanii_JS","pduE",185.7
"350","Propionibacterium_freudenreichii_shermanii_JS","pduP",599.9
"351","Propionibacterium_freudenreichii_shermanii_JS","pduW",377
"352","Propionibacterium_freudenreichii_subsp_freudenreichii_strain_20271T","fucO",210.4
"353","Propionibacterium_freudenreichii_subsp_freudenreichii_strain_20271T","pduC",970.7
"354","Propionibacterium_freudenreichii_subsp_freudenreichii_strain_20271T","pduD",278.4
"355","Propionibacterium_freudenreichii_subsp_freudenreichii_strain_20271T","pduE",185.7
"356","Propionibacterium_freudenreichii_subsp_freudenreichii_strain_20271T","pduP",599.2
"357","Propionibacterium_freudenreichii_subsp_freudenreichii_strain_20271T","pduW",376.8
"358","Roseburia-intestinalis-L1-82-MAF-2","Roseburia-inulivorans-pduCDE",846.7
"359","Roseburia-intestinalis-L1-82-MAF-2","fucO",607.6
"360","Roseburia-intestinalis-L1-82-MAF-2","pduP",32.3
"361","Roseburia-intestinalis-L1-82-MAF-2","pduW",464.4
"362","Roseburia-inulinivorans-strain-AF28-15","Roseburia-inulivorans-pduCDE",816.2
"363","Roseburia-inulinivorans-strain-AF28-15","fucO",609.2
"364","Roseburia-inulinivorans-strain-AF28-15","pduL",200.9
"365","Roseburia-inulinivorans-strain-AF28-15","pduP",528.6
"366","Roseburia-inulinivorans-strain-AF28-15","pduW",464.6
"367","Roseburia_inulinivorans","Roseburia-inulivorans-pduCDE",2057.6
"368","Ruminococcus-gauvreauii-DSM-19829-MAF-2","Roseburia-inulivorans-pduCDE",730.7
"369","Ruminococcus-gauvreauii-DSM-19829-MAF-2","fucO",97.5
"370","Ruminococcus-gauvreauii-DSM-19829-MAF-2","pduD",15.7
"371","Ruminococcus-gauvreauii-DSM-19829-MAF-2","pduL",189.8
"372","Ruminococcus-gauvreauii-DSM-19829-MAF-2","pduP",55.4
"373","Ruminococcus-gauvreauii-DSM-19829-MAF-2","pduW",463.1
"374","Ruminococcus-lactaris-ATCC-29176-MAF-2","Roseburia-inulivorans-pduCDE",799.7
"375","Ruminococcus-lactaris-ATCC-29176-MAF-2","fucO",601
"376","Ruminococcus-lactaris-ATCC-29176-MAF-2","pduP",36.3
"377","Ruminococcus-lactaris-ATCC-29176-MAF-2","pduW",462.7
"378","Ruminococcus-torques-ATCC-27756-MAF-2","Roseburia-inulivorans-pduCDE",836.2
"379","Ruminococcus-torques-ATCC-27756-MAF-2","fucO",272.5
"380","Ruminococcus-torques-ATCC-27756-MAF-2","pduP",42.7
"381","Ruminococcus-torques-ATCC-27756-MAF-2","pduW",460.9
"382","Ruminococcus_bicirculans","Roseburia-inulivorans-pduCDE",91
"383","Ruminococcus_bromii","Roseburia-inulivorans-pduCDE",796.5
"384","Ruminococcus_bromii","fucO",244.7
"385","Ruminococcus_bromii","pduL",183.6
"386","Ruminococcus_bromii","pduP",34.3
"387","Ruminococcus_bromii","pduW",455.8
"388","Salmonella-enterica-subsp-enterica-serovar-Typhimurium-str-LT2","Roseburia-inulivorans-pduCDE",94.3
"389","Salmonella-enterica-subsp-enterica-serovar-Typhimurium-str-LT2","fucO",82.6
"390","Salmonella-enterica-subsp-enterica-serovar-Typhimurium-str-LT2","pduC",1306.5
"391","Salmonella-enterica-subsp-enterica-serovar-Typhimurium-str-LT2","pduD",492.9
"392","Salmonella-enterica-subsp-enterica-serovar-Typhimurium-str-LT2","pduE",372.4
"393","Salmonella-enterica-subsp-enterica-serovar-Typhimurium-str-LT2","pduL",437.8
"394","Salmonella-enterica-subsp-enterica-serovar-Typhimurium-str-LT2","pduP",993.1
"395","Salmonella-enterica-subsp-enterica-serovar-Typhimurium-str-LT2","pduW",870.7
"396","Selenomonas_ruminantium_subsp_lactilytica_TAM6421","Roseburia-inulivorans-pduCDE",822.8
"397","Selenomonas_ruminantium_subsp_lactilytica_TAM6421","fucO",80.2
"398","Selenomonas_ruminantium_subsp_lactilytica_TAM6421","pduW",12.8
"399","Selenomonas_sputigena_ATCC_35185","Roseburia-inulivorans-pduCDE",877.2
"400","Selenomonas_sputigena_ATCC_35185","fucO",12.3
"401","Selenomonas_sputigena_ATCC_35185","pduP",26.5
"402","Streptococcus-thermophilus-LMD-9-MAF-2","Roseburia-inulivorans-pduCDE",438.4
"403","Streptococcus-thermophilus-LMD-9-MAF-2","fucO",58.3
"404","Streptococcus-thermophilus-LMD-9-MAF-2","pduP",78.9
"405","Streptococcus-thermophilus-LMD-9-MAF-2","pduW",497.8
"406","Subdoligranulum-variabile-DSM-15176-MAF-2","Roseburia-inulivorans-pduCDE",811.7
"407","Subdoligranulum-variabile-DSM-15176-MAF-2","fucO",551.3
"408","Subdoligranulum-variabile-DSM-15176-MAF-2","pduP",43.4
"409","Subdoligranulum-variabile-DSM-15176-MAF-2","pduW",504.3
"410","Tyzzerella-nexilis-DSM-1787-MAF-2","Roseburia-inulivorans-pduCDE",98
"411","Tyzzerella-nexilis-DSM-1787-MAF-2","fucO",99.9
"412","Tyzzerella-nexilis-DSM-1787-MAF-2","pduP",76.7
"413","Tyzzerella-nexilis-DSM-1787-MAF-2","pduW",476.9
"414","Veillonella-sp-3-1-44-MAF-2","Roseburia-inulivorans-pduCDE",97.9
"415","Veillonella-sp-3-1-44-MAF-2","fucO",64.2
"416","Veillonella-sp-3-1-44-MAF-2","pduC",1014.6
"417","Veillonella-sp-3-1-44-MAF-2","pduD",349.7
"418","Veillonella-sp-3-1-44-MAF-2","pduE",192.7
"419","Veillonella-sp-3-1-44-MAF-2","pduL",268.2
"420","Veillonella-sp-3-1-44-MAF-2","pduP",637.9
"421","Veillonella-sp-3-1-44-MAF-2","pduW",532.2
"422","Veillonella-sp-6-1-27-MAF-2","Roseburia-inulivorans-pduCDE",97.9
"423","Veillonella-sp-6-1-27-MAF-2","fucO",65.4
"424","Veillonella-sp-6-1-27-MAF-2","pduP",27.8
"425","Veillonella-sp-6-1-27-MAF-2","pduW",532.2
"426","Veillonella_parvula","Roseburia-inulivorans-pduCDE",97.9
"427","Veillonella_parvula_strain_NCTC11810","Roseburia-inulivorans-pduCDE",682.1
"428","Veillonella_parvula_strain_NCTC11810","fucO",64.8
"429","Veillonella_parvula_strain_NCTC11810","pduP",31.6
"430","Veillonella_parvula_strain_NCTC11810","pduW",529.9
"431","Vibrio_cincinnatiensis","Roseburia-inulivorans-pduCDE",533.9
